"Index","Library Ref","Library Path","Footprint Ref","Footprint Path","Description","Manufacturer 1","Manufacturer Part Number 1","Location","LCSC","Digikey","Mouser","TME","JAMECO","Features","PinOut","Pitch","Mounting","CONtype","Color","Package","Supplier","Supplier PartNo","olddescription"
"682f6b8b-2aaf-4f0f-bfdb-e22d68c6520e","CONN-ICSOCKET",".\SCHLIB\CONNECTORS-GENERIC.SCHLIB","","","CONNECTOR,DIP,8P,100mil,TH","ADAM TECH","ICS-308-T","MARS36","","","","","","DIP","8P","100mil","","TH","","DIP8","","","CONN, IC SOCKET, DIP8, 0.1in PITCH, 0.15in SPAN"
"c5dc0e6f-1cd4-4c98-b2ae-602dc5c49efd","CONN-ICSOCKET",".\SCHLIB\CONNECTORS-GENERIC.SCHLIB","","","CONNECTOR,DIP,14P,100mil,TH","ADAM TECH","ICS-314-T","MARS37","","","","","","DIP","14P","100mil","","TH","","DIP14","","","CONN, IC SOCKET, DIP14, 0.1in PITCH, 0.15in SPAN"
"5eac3cf4-99a2-4770-bb2b-7dcadc221a5a","CONN-ICSOCKET",".\SCHLIB\CONNECTORS-GENERIC.SCHLIB","","","CONNECTOR,DIP,16P,100mil,TH","ADAM TECH","ICS-316-T","MARS38","","","","","","DIP","16P","100mil","","TH","","DIP16","","","CONN, IC SOCKET, DIP16, 0.1in PITCH, 0.15in SPAN"
"c10214de-73a1-4c57-a792-4f6b37e15145","CONN-ICSOCKET",".\SCHLIB\CONNECTORS-GENERIC.SCHLIB","","","CONNECTOR,DIP,18P,100mil,TH","ADAM TECH","ICS-318-T","MARS39","","","","","","DIP","18P","100mil","","TH","","DIP18","","","CONN, IC SOCKET, DIP18, 0.1in PITCH, 0.15in SPAN"
"70ec00b4-822b-4f00-ab3a-45c4fa0c153c","CONN-ICSOCKET",".\SCHLIB\CONNECTORS-GENERIC.SCHLIB","","","CONNECTOR,DIP,20P,100mil,TH","ADAM TECH","ICS-320-T","MARS40","","","","","","DIP","20P","100mil","","TH","","DIP20","","","CONN, IC SOCKET, DIP20, 0.1in PITCH, 0.15in SPAN"
"76e40017-5c9c-4ed4-891b-8b7b3ddd2d79","CONN-ICSOCKET",".\SCHLIB\CONNECTORS-GENERIC.SCHLIB","","","CONNECTOR,DIP,24PS,100mil,TH","ADAM TECH","ICS-324-T","MARS441","","","","","","DIP","24PS","100mil","","TH","","DIP24-150","","","CONN, IC SOCKET, DIP24, 0.1in PITCH, 0.15in SPAN"
"6f50fcd3-9e3a-417a-a4f1-6a2aabe9b60c","CONN-ICSOCKET",".\SCHLIB\CONNECTORS-GENERIC.SCHLIB","","","CONNECTOR,DIP 600,24PW,100mil,TH","ADAM TECH","ICS-624-T","MARS42","","","","","","DIP 600","24PW","100mil","","TH","","DIP24-600","","","CONN, IC SOCKET, DIP24, 0.1in PITCH, 0.6in SPAN"
"e5018699-5935-4509-be58-89fdd246e0df","CONN-ICSOCKET",".\SCHLIB\CONNECTORS-GENERIC.SCHLIB","","","CONNECTOR,DIP 600,28PW,100mil,TH","ADAM TECH","ICS-628-T","MARS43","","","","","","DIP 600","28PW","100mil","","TH","","DIP28-600","","","CONN, IC SOCKET, DIP8, 0.1in PITCH, 0.6in SPAN"
"201b478a-7030-470e-8231-759450434a71","CONN-ICSOCKET",".\SCHLIB\CONNECTORS-GENERIC.SCHLIB","","","CONNECTOR,DIP 600,40PW,100mil,TH","ADAM TECH","ICS-640-T","MARS44","","","","","","DIP 600","40PW","100mil","","TH","","DIP40-600","","","CONN, IC SOCKET, DIP8, 0.1in PITCH, 0.6in SPAN"
"74f7cdd7-5bf8-4105-93d2-adc7f4e8c8e4","","","","","CONNECTOR,USB2.0 MINI B,SMD","MOLEX","0513870578","A0591","","","","","","USB2.0 MINI B","","","","SMD","","","","WM5462CT-ND","CONN, USB2,MINI B,SMD, RIGHT ANGLE"
"341380f8-31d8-4e12-9a9f-9e95d286a495","","","","","CONNECTOR","MOLEX","0548190572","A0604","","","","","","","","","","","","","","WM17116CT-ND",""
"1245c6be-df41-4dd0-8ea9-e2ddd39ec0d5","","","","","CONNECTOR,GREEN,6X1,100mil,TH","MISC","","A0643","","","","","","GREEN","6X1","100mil","VERT","TH","","6PIN-GREEN","","","CONN, SOCKET, 6X1, PINHEADER, GREEN"
"46679bc5-a331-4526-a33f-55774ba95ff6","","","","","CONNECTOR,RED,6X1,100mil,TH","","","A0635","","","","","","RED","6X1","100mil","VERT","TH","","6PIN-RED","","","CONN, SOCKET, 6X1, PINHEADER, RED"
"89bc6318-68ee-4dfa-b878-097a03b06e54","","","","","CONNECTOR,BLUE,6X1,100mil,TH","","","A0638","","","","","","BLUE","6X1","100mil","VERT","TH","","6PIN-BLUE","","","CONN, SOCKET, 6X1, PINHEADER, BLUE"
"07b84521-53c4-4a7f-8f5c-2e5d2c365c0e","","","","","CONNECTOR,YELLOW,6X1,100mil,TH","","","A0656","","","","","","YELLOW","6X1","100mil","VERT","TH","","6PIN-YELLOW","","","CONN, SOCKET, 6X1, PINHEADER, YELLOW"
"6f4074f6-a096-4f39-8a47-f796f4e62ed7","","","","","CONNECTOR","","","A0646","","","","","","","","","","","","USB MINI SMD","","",""
"8a69df49-e0fc-4f8a-a4e7-f53e6fc32b52","","","","","CONNECTOR","","","A0658","","","","","","","","","","","","","","","BINDING POST HEAVY GREY MULTICOLOR"
"3f8defcc-ed6f-4afa-b833-5fd15115d20b","","","","","CONNECTOR","","","A0659","","","","","","","","","","","","","","","BANANA, NON STACKABLE MULTICOLOR"
"d6eeb15b-50b8-4af3-91fe-8565fba0c3d5","","","","","CONNECTOR","","","A0681","","","","","","","","","RA","","","USB3","","","USB 3.0 HORIZONTAL"
"0979f935-a947-4314-9762-360261abb99c","","","","","CONNECTOR,BANANA JACK,4mm,BLACK,PANEL","CALTEST","CT2904-0","A0487","","","","","","BANANA JACK","","4mm","","PANEL","BLACK","","","","CONN, JACK, 4MM, SAFETY, PANEL, PIN, BLACK"
"ac246ff3-aeb1-4b2b-a028-34a4bbccc0a7","","","","","CONNECTOR,BANANA JACK,4mm,RED,PANEL","CALTEST","CT2904-2","A0488","","","","","","BANANA JACK","","4mm","","PANEL","RED","","","","CONN, JACK, 4MM, SAFETY, PANEL, PIN, RED"
"0652098c-e7f5-4e5f-affe-e9a1e9eed043","","","","","CONNECTOR,BANANA JACK,4mm,YELLOW,PANEL","CALTEST","CT2904-4","A0485","","","","","","BANANA JACK","","4mm","","PANEL","YELLOW","","","","CONN, JACK, 4MM, SAFETY, PANEL, PIN, YELLOW"
"4d1fa98b-6d1d-42dc-8159-e47a5e18f063","","","","","CONNECTOR,BANANA JACK,4mm,BROWN,PANEL","CALTEST","CT2904-1","-","","","","","","BANANA JACK","","4mm","","PANEL","BROWN","","","","CONN, JACK, 4MM, SAFETY, PANEL, PIN, BROWN"
"b6b1c272-b021-43f6-b33a-c1d61e8ee557","","","","","CONNECTOR,BANANA JACK,4mm,PURPLE,PANEL","CALTEST","CT2904-7","-","","","","","","BANANA JACK","","4mm","","PANEL","PURPLE","","","","CONN, JACK, 4MM, SAFETY, PANEL, PIN, PURPLE"
"f3a7db5f-0487-44c7-9660-af27fa823c5f","","","","","CONNECTOR,BANANA JACK,4mm,GREEN,PANEL","CALTEST","CT2904-5","-","","","","","","BANANA JACK","","4mm","","PANEL","GREEN","","","","CONN, JACK, 4MM, SAFETY, PANEL, PIN, GREEN"
"92507d83-9e8e-4fab-ae63-bb433ac92000","","","","","CONNECTOR,BANANA JACK,4mm,BLUE,PANEL","CALTEST","CT2904-6","-","","","","","","BANANA JACK","","4mm","","PANEL","BLUE","","","","CONN, JACK, 4MM, SAFETY, PANEL, PIN, BLUE"
"7a1aaff1-eb76-41e7-94cd-64cbcd1125bd","","","","","CONNECTOR,BANANA JACK,4mm,WHITE,PANEL","CALTEST","CT2904-9","-","","","","","","BANANA JACK","","4mm","","PANEL","WHITE","","","","CONN, JACK, 4MM, SAFETY, PANEL, PIN, WHITE"
"d2f96b0e-37bf-400f-8143-f3cdb9be82fb","","","","","CONNECTOR,SMD","","","A0506, A0507","","","","","","","","","","SMD","","PLCC28, SMD, SOCKET","","",""
"d3296fc4-ea71-4f3b-8a9a-0b45426379c9","","","","","CONNECTOR","","SJ1-2503A","A0429","","","","","","","","","","","","","","",""
"ffeba81a-91f6-4c16-8735-c2a39662b188","","","","","CONNECTOR,SMD","","","A0431","","","","","","","","","","SMD","","SOCKET BATT, 2032, SMD","","",""
"65607665-c172-4ea4-8062-a8fc0890c6e0","","","","","CONNECTOR","","","A0449","","","","","","","","","","","","SMA-MCX WIFI ANTENNA","","",""
"e44e862f-6553-4629-b97d-746c3233afe2","","","","","CONNECTOR","","1-284392-0","A0508","","","","","","","","","","","","","","",""
"a592cac6-215a-41a5-b64c-3f25044bea72","","","","","CONNECTOR","","87606-305LF","A0497","","","","","","","","","","","","","","",""
"5453b913-3306-4b85-8ea3-8905d2eccb1f","","","","","CONNECTOR","","3220-10-0300-00","R764","","","","","","","","","","","","2X5 IDC MINI","","",""
"edc10e4e-1d2b-45ee-95f1-e3187b8b09bc","","","","","CONNECTOR","MOLEX","56579-0576","R778","","","","","","","","","","","","","","",""
"f3b96ba7-5f43-409a-ba80-5bee0d0f7515","","","","","CONNECTOR","HP","N-TO-SMA","A0328","","","","","","","","","","","","","","",""
"49806e5f-52b3-49e6-9508-25318e4f571a","","","","","CONNECTOR","","USB VERTICAL RA","A0520","","","","","","","","","","","","","","",""
"54f1cd50-4fbc-4385-bb53-2eb206999c56","","","","","CONNECTOR,TH","","B3B-PH-K-S(LF)(SN)","A0521","","","","","","","","","","TH","","","","455-1705-ND",""
"716b664c-b282-4d37-91cb-4571323a7ab5","","","","","CONNECTOR","CKMTW","B-2202N20P-B121","A0427","","","","","","","","","","","","","LCSC","C135211","CONN, SOCKET, 2X10, 2MM, SMT"
"275c7552-f302-4bc0-b602-f9750b47cf80","","","","","CONNECTOR","EBAY","JUMPER-YELLOW","A0397","","","","","","","","","","","","","","",""
"7e61fa47-a32d-4fa8-a812-8b8111577e0b","","","","","CONNECTOR","","JUMPER-BLACK","A0395","","","","","","","","","","","","","","",""
"84942a78-46b5-47b0-bcfb-0f1572a4ca74","","","","","CONNECTOR","","JUMPER-GREEN","A0396","","","","","","","","","","","","","","",""
"0ed137b6-fb2e-4061-bbd2-47cf9207c1d0","","","","","CONNECTOR","","JUMPER-RED","A0404","","","","","","","","","","","","","","",""
"106ad4bc-3cb7-4dcc-913c-083da788ebc7","","","","","CONNECTOR","","JUMPER-BLUE","A0400","","","","","","","","","","","","","","",""
"48d490e3-77fb-4906-92a8-739fd783df04","","","","","CONNECTOR","FAKE","ZIF20S","A0696","","","","","","","","","","","","","","",""
"0db20526-8f9c-451b-938e-6a15ccb62bf5","","","","","CONNECTOR","FAKE","ZIF28W","A0698","","","","","","","","","","","","","","",""
"1d21dbc8-91d1-4d18-8e14-80b16e2818dc","","","","","CONNECTOR","","B2PS-VH(LF)","A0699","","","","","","","","","","","","","","",""
"10593a07-6acd-49a8-b6d2-74250b9251db","","","","","CONNECTOR","MOLEX","0705530002","A0702","","","","","","","","","","","","","","",""
"c30a9ae2-801f-4a47-8fd2-aeafc7c7f387","","","","","CONNECTOR","AMPHENOL","54102-T08-08","A0703, A0704, A0706, A0707","","","","","","","","","","","","","","",""
"acb4aa98-d4f4-4de1-921c-e7c5471bf4b7","","","","","CONNECTOR","","VHR-2N","A0705","","","","","","","","","","","","","","",""
"1e4e3b8b-cbfb-4089-9dd6-8ca3d4d793d8","","","","","CONNECTOR","","PLCC28SMD","A0710, A0829","","","","","","","","","","","","","","",""
"abc71cea-ac8a-46a9-9885-557684f0fb02","","","","","CONNECTOR","POMONOA","DOUBLE BANANA RED","A0719","","","","","","","","","","","","","","",""
"2c9c37ea-6ac6-49e8-94dc-2ef221ed6de8","","","","","CONNECTOR","","BOXHEADER14","A0722","","","","","","","","","","","","","","",""
"376e859a-f73d-49e1-8568-c2f4f6a570b8","","","","","CONNECTOR","PHOENIX","1754449","A0747","","","","","","","","","","","","","","","CONN, PHOENIX MSTB 2,5/ 2"
"fe4a3ec1-c2a5-4aa1-a94b-9ccdbd7469a4","","","","","CONNECTOR","PHOENIX","1754465","A0748","","","","","","","","","","","","","","","CONN, PHOENIX MSTB 2,5/ 3"
"49b3ae51-b17c-4d69-8989-c8b792a658db","","","","","CONNECTOR","PHOENIX","1754588","A0749, A0750","","","","","","","","","","","","","","","CONN, PHOENIX MSTB 2,5/ 9"
"1ac73256-8cbb-47e4-b00e-5c31b4a96eca","","","","","CONNECTOR","","BANANA SAFETY SHROUD BLUE","A0761","","","","","","","","","","","","","ANCHOR","",""
"4474863b-f8d9-41e3-b128-d67f7b0c2e6b","","","","","CONNECTOR","","BANANA SAFETY SHROUD YELLOW","A0762","","","","","","","","","","","","","ANCHOR","",""
"d54e2ca5-cca0-4f69-b9e0-1cefec0c10cf","","","","","CONNECTOR","","BANANA SAFETY SHROUD RED","A0763","","","","","","","","","","","","","ANCHOR","",""
"a3b83385-cdb5-41fb-b7cf-cd361248ed52","","","","","CONNECTOR","","BANANA SAFETY SHROUD BLACK","A0764","","","","","","","","","","","","","ANCHOR","",""
"afe1f8c4-4b37-4bdf-9374-4950ff382110","","","","","CONNECTOR","","JUMPER 100MIL YELLOW","A0765, A0766","","","","","","","","","","","","","EBAY","",""
"4396f9fa-cfb4-4797-89f0-bd659b9eb577","","","","","CONNECTOR","","JUMPER 100MIL RED","A0767, A0768","","","","","","","","","","","","","EBAY","",""
"844e0036-c2da-4056-8e6b-3fc4369a5ad7","","","","","CONNECTOR","","JUMPER 100 MIL BLUE","A0769, A0770","","","","","","","","","","","","","EBAY","",""
"d7b11e20-65ea-43f1-9d18-828344710f3b","","","","","CONNECTOR","","JUMPER 100MIL GREEN","A0771, A0772","","","","","","","","","","","","","EBAY","",""
"3de97f74-1e2c-45d7-acdf-8f5dc22c7c64","","","","","CONNECTOR","EBAY","JUMPER 100MIL WHITE","A0773, A0774","","","","","","","","","","","","","EBAY","",""
"a109343b-fc01-43c2-9a42-6133e2acbc9b","","","","","CONNECTOR","","JUMPER 100MIL BLACK","A0786","","","","","","","","","","","","","EBAY","",""
"f9ab349a-e219-499c-aaf1-7c0da5d6a085","","","","","CONNECTOR","ASSMAN","A-2014-2-4-R
A-2014-2-4-R","A0816","","","","","","","","","","","","","","",""
"98837048-7520-4d85-8f4b-a1889c3f9357","","","","","CONNECTOR","STEWART","SS-6488-NF","A0815","","","","","","","","","","","","","","",""
"129f418b-c957-4c9e-82a2-71ec3b9d511d","","","","","CONNECTOR","PHOENIX COPY","MSTB 2,5/ 2-ST-5,08","A0822","","","","","","","","","","","","","","",""
"b5e834e7-c951-4891-af8d-4d8041bee839","","","","","CONNECTOR","","MSTB 2,5/ 3-ST-5,08","A0823, A0824","","","","","","","","","","","","","","",""
"afd34bfb-1d31-4b58-bb5f-ef78dff1466a","","","","","CONNECTOR","","MSTBW 2,5/ 2-G-5,08","A0817","","","","","","","","","","","","","","",""
"f0324f16-154f-4170-b070-c04c8c003be4","","","","","CONNECTOR","","MSTBW 2,5/ 3-G-5,08","A0818","","","","","","","","","","","","","","",""
"13ffe4d6-3999-46a4-8686-70604d6b6283","","","","","CONNECTOR","","MSTBW 2,5/ 5-G-5,08","A0819","","","","","","","","","","","","","","",""
"5148d26e-178d-4603-8adf-cbfff158d8ea","","","","","CONNECTOR","","MSTBW 2,5/ 3-G-5,08","A0818","","","","","","","","","","","","","","",""
"bdee5dd5-b7ba-448f-a63a-2bb24a661274","","","","","CONNECTOR","","MSTBW 2,5/ 9-G-5,08","A0820, A0821","","","","","","","","","","","","","","",""
"68e63f6a-33fc-4236-a1cf-e9cdf86dfed6","","","","","CONNECTOR","","MSTB 2,5/ 5-ST-5,08","A0825","","","","","","","","","","","","","","",""
"86a4b867-1bc0-4005-aa56-5cecc31deb17","","","","","CONNECTOR","","PINHEADER 2.54 1X72 BLACK","A0831, A0832","","","","","","","","","","","","","","",""
"eccb1625-6f7b-47e1-8d0a-d418e5ac48d3","","","","","CONNECTOR","","PINHEADER 2.54 1X72 RED","A0833, A0834","","","","","","","","","","","","","","",""
"74f56cfe-357a-40cf-8d63-76e38e5c2653","","","","","CONNECTOR","","PINHEADER 2.54 1X72 YELLOW","A0835, A0836","","","","","","","","","","","","","","",""
"0ff470e1-aaa3-44e6-bd8f-854011acd378","","","","","CONNECTOR","","PINHEADER 2.54 1X72 WHITE","A0837, A0838","","","","","","","","","","","","","","",""
"923d05cf-1eb9-4021-9701-3f70da1da7ed","","","","","CONNECTOR","","PINHEADER 2.54 1X72 GREY","A0839, A0840","","","","","","","","","","","","","","",""
"edcdafe8-7bc6-4eca-acc3-f0de91a48254","","","","","CONNECTOR","SAMTEC","FEMALE PINHEADER 2.54 2X72 BLACK","A0841, A0842, A0843","","","","","","","","","","","","","","",""
"04dcfd07-f546-4620-af1d-534feb58bda1","","","","","CONNECTOR","","PINHEADER 2.54 1X72 BLUE","A0844","","","","","","","","","","","","","","",""
"44c28a00-fff6-477f-a293-fc0215ff2dfa","","","","","CONNECTOR","YAMAICHI","IC51-2084-1052","A0851","","","","","","","","","","","","","","",""
