"Index","Library Ref","Library Path","Footprint Ref","Footprint Path","Description","Manufacturer 1","Manufacturer Part Number 1","Location","LCSC","Digikey","Mouser","TME","JAMECO","Vr","If","Power","Package","DIOtype","GenericName","Mounting","Remarks"
"e1b714cf-25fc-414a-84c4-d03a3572bab2","DIODE-BRIDGE-P-N-AC-AC",".\SCHLIB\DIODES.SCHLIB","","","DIODE,BRIDGE,1000V,500mA,MB10S,SO4,SMD","ONSEMI","MB10S","R41","","","","","","1000V","500mA","","SO4","BRIDGE","MB10S","SMD",""
"d8e5e986-7e41-45d0-a76a-7644886b83e0","DIODE-SILICON-A-N-K",".\SCHLIB\DIODES.SCHLIB","SOT23","","DIODE,SWITCHING,75V,300mA,MMBD4148-7,SOT23,SMD","VISHAY","MMBD4148-7","R113, R117, R118, R119","","","","","","75V","300mA","","SOT23","SWITCHING","MMBD4148-7","SMD",""
"ecdfc821-f5a4-48ec-bb55-702b25098800","DIODE-SILICON-A-N-K",".\SCHLIB\DIODES.SCHLIB","SOT23","","DIODE,SWITCHING,85V,210mA,BAW56,SOT23,SMD","NXP","BAW56","R121, R127","","","","","","85V","210mA","","SOT23","SWITCHING","BAW56","SMD",""
"30e2e9d0-a114-4c00-b838-cf2641d69fea","DIODE-ZENER-ANK",".\SCHLIB\DIODES.SCHLIB","SOT23","","DIODE,ZENER,3V3,225mW,MMBZ5226BLT1,SOT23,SMD","NXP","MMBZ5226BLT1","R125, R126","","","","","","3V3","","225mW","SOT23","ZENER","MMBZ5226BLT1","SMD",""
"5463a6dc-e463-4ea1-874e-a4d43fb06a29","DIODE-ARRAY-SCHOTTKY-AKS",".\SCHLIB\DIODES.SCHLIB","SOT23","","DIODE,SCHOTTKY,ARRAY,CC,30V,200mA,BAT54C,SOT23,SMD","VISHAY","BAT54C","R141","","","","","","30V","200mA","","SOT23","SCHOTTKY,ARRAY,CC","BAT54C","SMD",""
"c2616daa-b7be-4a1b-9b60-192f815b3739","DIODE-SCHOTTKY-KA",".\SCHLIB\DIODES.SCHLIB","SMA","","DIODE,SCHOTTKY,40V,2.1A,10MQ04,SMA,SMD","VISHAY","10MQ04","R170 TO R177","","","","","","40V","2.1A","","SMA","SCHOTTKY","10MQ04","SMD",""
"89843048-a0a8-4e89-a880-6db4acc9b6b0","DIODE-SCHOTTKY-A-N-K",".\SCHLIB\DIODES.SCHLIB","SOT23","","DIODE,SCHOTTKY,40V,500mA,ZHCS500,SOT23,SMD","DIODES INC","ZHCS500","R179","","","","","","40V","500mA","","SOT23","SCHOTTKY","ZHCS500","SMD",""
"96a11a07-34a0-4e4b-9ef3-94c8c2d5c953","DIODE-ARRAY-SILICON-AKS",".\SCHLIB\DIODES.SCHLIB","SOT23","","DIODE,ARRAY,SERIES,75V,150mA,BAV99,SOT23,SMD","NXP","BAV99","R178, R454, R452","","","","","","75V","150mA","","SOT23","ARRAY,SERIES","BAV99","SMD",""
"989b8c6c-16a6-45c2-bdc8-6f60bc63ddcf","DIODE-SILICON-KA",".\SCHLIB\DIODES.SCHLIB","SMC","","DIODE,SCHOTTKY,40V,4A,MBRS340,SMC,SMD","ONSEMI","MBRS340","R161 TO R169","","","","","","40V","4A","","SMC","SCHOTTKY","MBRS340","SMD",""
"f6c92eaa-4aab-403b-a1d5-80c46811355e","DIODE-SILICON-A-N-K",".\SCHLIB\DIODES.SCHLIB","SOT23","","DIODE,GENERAL PURPOSE,75V,0.3A,1N4148,SOT23,SMD","NXP","1N4148","R301","","","","","","75V","0.3A","","SOT23","GENERAL PURPOSE","1N4148","SMD",""
"bb4b7e1a-e3e9-4673-8af6-0ba5f4a34d26","DIODE-SCHOTTKY-A-N-K",".\SCHLIB\DIODES.SCHLIB","SOT23","","DIODE,SCHOTTKY,100V,150mA,BAT46,SOT23,SMD","NXP","BAT46","R302","","","","","","100V","150mA","","SOT23","SCHOTTKY","BAT46","SMD",""
"3d087f52-369a-493c-8c4d-cfb3a73bb3ca","DIODE-SCHOTTKY-A-N-K",".\SCHLIB\DIODES.SCHLIB","SOT23","","DIODE,SCHOTTKY,40V,750mA,ZHCS750,SOT23,SMD","DIODES INC","ZHCS750","R303","","","","","","40V","750mA","","SOT23","SCHOTTKY","ZHCS750","SMD",""
"4d682d70-fba8-4372-8ec0-4a1073a04831","DIODE-BRIDGE-P-N-AC-AC",".\SCHLIB\DIODES.SCHLIB","HD01","","DIODE,BRIDGE,100V,800mA,HD01,SO4,SMD","DIODES INC","HD01","R306, R319","","","","","","100V","800mA","","SO4","BRIDGE","HD01","SMD",""
"53969489-c127-4a8a-8396-13dd999195e9","DIODE-SCHOTTKY-A-N-K",".\SCHLIB\DIODES.SCHLIB","SOT23","","DIODE,SCHOTTKY,70V,70mA,BAS70,SOT23,SMD","NXP","BAS70","R307","","","","","","70V","70mA","","SOT23","SCHOTTKY","BAS70","SMD",""
"7c11d5c3-5fd3-450e-b334-0d5a2c63c8ba","DIODE-SCHOTTKY-A-N-K",".\SCHLIB\DIODES.SCHLIB","SOT23","","DIODE,SCHOTTKY,30V,200mA,BAT54,SOT23,SMD","NXP","BAT54","R308","","","","","","30V","200mA","","SOT23","SCHOTTKY","BAT54","SMD",""
"03989a12-0074-4374-8e66-7b78adc3580f","DIODE-SILICON-KA",".\SCHLIB\DIODES.SCHLIB","SMB","","DIODE,ULTRA FAST,400V,1A,MURS140,SMB,SMD","ONSEMI","MURS140","R318","","","","","","400V","1A","","SMB","ULTRA FAST","MURS140","SMD",""
"801d1dcc-0393-435a-bc05-a71861cae6d8","DIODE-SILICON-KA",".\SCHLIB\DIODES.SCHLIB","","","DIODE,GENERAL PURPOSE,100V,1A,DL4002,MELF,SMD","ONSEMI","DL4002","R320","","","","","","100V","1A","","MELF","GENERAL PURPOSE","DL4002","SMD",""
"8db6d8ca-e2a4-4b36-9cdf-c8c3f69222b7","DIODE-SILICON-KA",".\SCHLIB\DIODES.SCHLIB","DO35","","DIODE,GENERAL PURPOSE,100V,200mA,1N914ATRA,DO35,TH","FAIRCHILD","1N914ATRA","","","","","","655269","100V","200mA","","DO35","GENERAL PURPOSE","1N914ATRA","TH",""
"ec187940-5ced-46b6-b4da-566991fa987e","DIODE-SILICON-KA",".\SCHLIB\DIODES.SCHLIB","DO35","","DIODE,GENERAL PURPOSE,100V,75mA,1N914TR,DO35,TH","FAIRCHILD","1N914TR","","","","","","36311","100V","75mA","","DO35","GENERAL PURPOSE","1N914TR","TH",""
"3efd0b52-5f0b-4b39-828c-64811ff95279","DIODE-SILICON-KA",".\SCHLIB\DIODES.SCHLIB","DO35","","DIODE,GENERAL PURPOSE,100V,200mA,1N914A,DO35,TH","FAIRCHILD","1N914A","","","","","","2344935","100V","200mA","","DO35","GENERAL PURPOSE","1N914A","TH",""
"83599e21-4ae9-45de-a945-cd799c4c38d7","DIODE-SILICON-KA",".\SCHLIB\DIODES.SCHLIB","DO15","","DIODE,RECTIFIER,600V,1A,GI816,DO15","VISHAY","GI816","","","","","","2284967","600V","1A","","DO15","RECTIFIER","GI816","",""
"1975bcba-8386-4b36-8f74-dc7b8c56a5e0","",".\SCHLIB\DIODES.SCHLIB","TO220V","","DIODE,FAST,50V,8A,UES1401,TO220,TH","UNITRODE","UES1401","","","","","","2303559","50V","8A","","TO220","FAST","UES1401","TH",""
"2d637055-ae7b-445d-9d7f-029fa4df8e55","DIODE-BRIDGE-P-AC-AC-N",".\SCHLIB\DIODES.SCHLIB","GBU8","","DIODE,BRIDGE,1000V,8A,GBU8,SIP4,TH","VISHAY","GBU8","","","","","","2338199","1000V","8A","","SIP4","BRIDGE","GBU8","TH",""
"88f6dd65-9773-4061-bf28-86fab0383a6f","",".\SCHLIB\DIODES.SCHLIB","SOT23","","DIODE,ARRAY,SERIES,80V,300mA,KDS226,SOT23,SMD","KEC","KDS226","R322, R323, R429","","","","","","80V","300mA","","SOT23","ARRAY,SERIES","KDS226","SMD",""
"d2b6eee0-23fc-4d55-b88c-64c0a95c4941","",".\SCHLIB\DIODES.SCHLIB","SOT23","","DIODE,ARRAY,SERIES,200V,200mA,MMBD1403,SOT23,SMD","ONSEMI","MMBD1403","R333, R337","","","","","","200V","200mA","","SOT23","ARRAY,SERIES","MMBD1403","SMD",""
"e009ce43-6ee9-4171-9f21-1a8bf16d0e50","",".\SCHLIB\DIODES.SCHLIB","MELF6508","","DIODE,ZENER,8V2,500mW,TZMC8V2,6508 MELF,SMD","VISHAY","TZMC8V2","R339, R340","","","","","","8V2","","500mW","6508 MELF","ZENER","TZMC8V2","SMD",""
"f132e7ae-631b-4b8b-b0d6-75fe89d099d0","",".\SCHLIB\DIODES.SCHLIB","SOD123","","DIODE,ZENER,3V6,500mW,MMSZ3V6T1,SOD123,SMD","ONSEMI","MMSZ3V6T1","R451, R450, R453, R455, R449","","","","","","3V6","","500mW","SOD123","ZENER","MMSZ3V6T1","SMD",""
"33b551e8-0c0b-469a-aee0-047ab7a03b4a","",".\SCHLIB\DIODES.SCHLIB","SMA","","DIODE,SCHOTTKY,40V,1A,SS14,SMA,SMD","ONSEMI","SS14","R416, R415","","","","","","40V","1A","","SMA","SCHOTTKY","SS14","SMD",""
"e30e3efd-9c68-48e6-8c9d-3f4a9e607a4d","",".\SCHLIB\DIODES.SCHLIB","SMA","","DIODE,GENERAL PURPOSE,600V,1A,STTH1L06A,SMA,SMD","ST","STTH1L06A","R493","","","","","","600V","1A","","SMA","GENERAL PURPOSE","STTH1L06A","SMD",""
"f4db9192-36a1-4270-a08d-659dc5bcaef9","",".\SCHLIB\DIODES.SCHLIB","DO35","","DIODE,ZENER,5V1,500mW,BZX55C5V1,DO35,TH","NXP","BZX55C5V1","A0096","","","","","","5V1","","500mW","DO35","ZENER","BZX55C5V1","TH",""
"d68ebac6-2648-4d2e-b988-8fa22759d9e5","",".\SCHLIB\DIODES.SCHLIB","DO35","","DIODE,ZENER,5V6,1W,1N4734,DO41,TH","ONSEMI","1N4734","A0097","","","","","","5V6","","1W","DO41","ZENER","1N4734","TH",""
"4203c150-a9ae-4c82-af39-458ef1790672","",".\SCHLIB\DIODES.SCHLIB","DO35","","DIODE,ZENER,6V2,1W,1N4735,DO41,TH","ONSEMI","1N4735","A0069","","","","","","6V2","","1W","DO41","ZENER","1N4735","TH",""
"83866baf-1ce5-4238-8b4d-aaef7b3f2b5d","",".\SCHLIB\DIODES.SCHLIB","R6","","DIODE,GENERAL PURPOSE,1000V,6A,6A10,R-6","MICRO COMMERCIAL","6A10","","","","","","","1000V","6A","","R-6","GENERAL PURPOSE","6A10","",""
"89ccb288-5f36-4280-8270-f66aae529dfa","",".\SCHLIB\DIODES.SCHLIB","SMB","","DIODE,SCHOTTKY,200V,1A,MURS120T3,SMB,SMD","ONSEMI","MURS120T3","A0067","","","","","","200V","1A","","SMB","SCHOTTKY","MURS120T3","SMD",""
"b262349d-6924-4b3b-9239-d30fceb6d76f","",".\SCHLIB\DIODES.SCHLIB","","","DIODE,SCHOTTKY,60V,1A,MURS160,SMB,SMD","ONSEMI","MURS160","A0094","","","","","","60V","1A","","SMB","SCHOTTKY","MURS160","SMD",""
"705ed059-7ced-4de3-8a23-3045f9fb1bd8","",".\SCHLIB\DIODES.SCHLIB","","","DIODE,TVS,5V3,22A,ESDA5V35SC,SOT23,SMD","ST","ESDA5V35SC","A0203","","","","","","5V3","22A","","SOT23","TVS","ESDA5V35SC","SMD",""
"1023e9a7-dbce-4a52-bbf2-e0dafd658c55","",".\SCHLIB\DIODES.SCHLIB","","","DIODE,SCHOTTKY,40V,350mA,SD103AW,SOD123,SMD","DIOTEC","SD103AW","A0144","","","","","","40V","350mA","","SOD123","SCHOTTKY","SD103AW","SMD",""
"7eafccdd-eedb-450b-8eea-3bfd09c1e01b","",".\SCHLIB\DIODES.SCHLIB","","","DIODE,SCHOTTKY,40V,3A,SS34,SMA,SMD","COMCHIP","SS34","A0145","","","","","","40V","3A","","SMA","SCHOTTKY","SS34","SMD",""
"ba4e8a04-8e95-4df9-8843-0fe12dd929c0","",".\SCHLIB\DIODES.SCHLIB","","","DIODE,GENERAL PURPOSE,100V,200mA,MMBD914,SOT23,SMD","ONSEMI","MMBD914","A0159","","","","","","100V","200mA","","SOT23","GENERAL PURPOSE","MMBD914","SMD",""
"2d560a7f-51e3-45b7-8c39-bbddf7230ac9","",".\SCHLIB\DIODES.SCHLIB","","","DIODE,SCHOTTKY,40V,2A,SS24,SMA,SMD","COMCHIP","SS24","A0177","","","","","","40V","2A","","SMA","SCHOTTKY","SS24","SMD",""
"489f27ba-23d7-43e6-ad74-c7a77871c0d0","",".\SCHLIB\DIODES.SCHLIB","","","DIODE,GENERAL PURPOSE,200V,250mA,BAV21,DO35,TH","NXP","BAV21","A0209","","","","","","200V","250mA","","DO35","GENERAL PURPOSE","BAV21","TH",""
"e083b818-bf49-4d70-b5e1-021617f47933","",".\SCHLIB\DIODES.SCHLIB","","","DIODE,GENERAL PURPOSE,75V,300mA,1N914-CDI,DO35,TH","VISHAY","1N914-CDI","A0183","","","","","","75V","300mA","","DO35","GENERAL PURPOSE","1N914-CDI","TH",""
"dcf652ce-ff78-4ea9-9b14-20484bdc1250","",".\SCHLIB\DIODES.SCHLIB","","","DIODE,GENERAL PURPOSE,200V,1A,MURS120T3,SMB,SMD","ONSEMI","MURS120T3","A0163","","","","","","200V","1A","","SMB","GENERAL PURPOSE","MURS120T3","SMD",""
"e84835a6-b64f-4c37-a0a9-4e5a5186f7a1","",".\SCHLIB\DIODES.SCHLIB","","","DIODE,ZENER,5V1,200mW,MMBZ5231,SOT23,SMD","ONSEMI","MMBZ5231","","","","","","","5V1","","200mW","SOT23","ZENER","MMBZ5231","SMD",""
"dc41c38d-9f44-46bc-8f9a-3ee7c29bac2d","",".\SCHLIB\DIODES.SCHLIB","","","DIODE,4U3UID","","4U3UID","A0167","","","","","","","","","","","4U3UID","",""
"a8a931db-1d08-449a-90dd-a9b6d75fe17c","",".\SCHLIB\DIODES.SCHLIB","","","DIODE,ZENER,9V1,1W,1N4739,DO41,TH","ONSEMI","1N4739","A0626","","","","","","9V1","","1W","DO41","ZENER","1N4739","TH",""
"3a7654de-1f3d-4e52-822a-99951e8c5891","",".\SCHLIB\DIODES.SCHLIB","","","DIODE,RECTIFIER,400V,3A,HER305,DO201","RECTRON","HER305","A0612","","","","","","400V","3A","","DO201","RECTIFIER","HER305","",""
"f5ef94f8-cc9b-488d-bde1-9b353f746e82","",".\SCHLIB\DIODES.SCHLIB","","","DIODE,BRIDGE,800V,6A,GBU08,GBU08,TH","MDD","GBU08","A0614","","","","","","800V","6A","","GBU08","BRIDGE","GBU08","TH",""
"1c5a7172-71f5-4e36-973c-a3799dfd29b3","",".\SCHLIB\DIODES.SCHLIB","","","DIODE,BRIDGE,400V,4A,KBL04,KBL04","FAIRCHILD","KBL04","A0575","","","","","","400V","4A","","KBL04","BRIDGE","KBL04","",""
"b9454161-475a-44b9-b86d-20b9d1807f93","",".\SCHLIB\DIODES.SCHLIB","","","DIODE,BRIDGE,100V,2A,KBP01,KBP01","VISHAY","KBP01","A0625","","","","","","100V","2A","","KBP01","BRIDGE","KBP01","",""
"0c58febf-8a95-429c-bdb1-d9ccbfd1b8a5","",".\SCHLIB\DIODES.SCHLIB","","","DIODE,BRIDGE,400V,1A,DB104,DB04","SMC","DB104","A0585","","","","","","400V","1A","","DB04","BRIDGE","DB104","",""
"20c88316-63c7-4fab-b16c-e28c6682195a","",".\SCHLIB\DIODES.SCHLIB","","","DIODE,BRIDGE,400V,1.5A,KBP04,KBP04","VISHAY","KBP04","A0630","","","","","","400V","1.5A","","KBP04","BRIDGE","KBP04","",""
"0accde50-bc00-4589-b88d-bee4a1c881d3","",".\SCHLIB\DIODES.SCHLIB","","","DIODE,RECTIFIER,100V,1A,1N4934,DO41,TH","ONSEMI","1N4934","A0627, A0624","","","","","","100V","1A","","DO41","RECTIFIER","1N4934","TH",""
"88ee65ff-1e51-4976-b3df-7378fe913108","",".\SCHLIB\DIODES.SCHLIB","","","DIODE,ZENER,5V1,1.3W,1N4733,DO41,TH","ONSEMI","1N4733","A0629","","","","","","5V1","","1.3W","DO41","ZENER","1N4733","TH",""
"4bb4ab71-470b-46ad-9fd4-4ce55ef88ffc","",".\SCHLIB\DIODES.SCHLIB","","","DIODE,RECTIFIER,150V,16A,SF163,TO220,TH","RECTRON","SF163","A0631","","","","","","150V","16A","","TO220","RECTIFIER","SF163","TH",""
"b2256405-c1c6-4c80-afbb-a1bd27bf27fd","",".\SCHLIB\DIODES.SCHLIB","","","DIODE,RECTIFIER,600V,4A,MUR460,DO201","ONSEMI","MUR460","A0611","","","","","","600V","4A","","DO201","RECTIFIER","MUR460","",""
"dca57639-bfa3-468e-8670-b52e2f43295e","",".\SCHLIB\DIODES.SCHLIB","","","DIODE,SCHOTTKY,40V,3A,MBR340,DO201","ONSEMI","MBR340","A0620","","","","","","40V","3A","","DO201","SCHOTTKY","MBR340","",""
"c0f2ee50-338a-4f39-bc20-d891fe8ffa86","",".\SCHLIB\DIODES.SCHLIB","","","DIODE,ULTRAFAST RECTIFIER,200V,8A,VHE1404,TO220-2,TH","MICROSEMI","VHE1404","A0623","","","","","","200V","8A","","TO220-2","ULTRAFAST RECTIFIER","VHE1404","TH",""
"11eb070f-d2e8-4f8a-8d0f-bc339ae71924","",".\SCHLIB\DIODES.SCHLIB","","","DIODE,RECTIFIER,400V,1A,1N4004,DO41,TH","ONSEMI","1N4004","A0594","","","","","","400V","1A","","DO41","RECTIFIER","1N4004","TH",""
"94e7c00c-85a0-4618-907c-ba6a831532f1","",".\SCHLIB\DIODES.SCHLIB","","","DIODE,ARRAY,CC,45A,20A,FBR2045,TO220,TH","FCI","FBR2045","A0581","","","","","","45A","20A","","TO220","ARRAY,CC","FBR2045","TH",""
"2f00a429-1e33-4cc7-99a4-e234fdc27217","",".\SCHLIB\DIODES.SCHLIB","","","DIODE,GENERAL PURPOSE,100V,3A,HER302,DO201","DIODES INC","HER302","A0588","","","","","","100V","3A","","DO201","GENERAL PURPOSE","HER302","",""
"8906454e-551d-41bf-93d8-c4db20888296","",".\SCHLIB\DIODES.SCHLIB","","","DIODE,GENERAL PURPOSE, DUAL CC,150V,8A,MUR1615,TO220,TH","ONSEMI","MUR1615","A0590","","","","","","150V","8A","","TO220","GENERAL PURPOSE, DUAL CC","MUR1615","TH",""
"7235588e-37dd-4a22-8fae-681a6e091b8b","",".\SCHLIB\DIODES.SCHLIB","","","DIODE,SCHOTTKY,40V,1A,1N5819,DO15","ONSEMI","1N5819","A0607","","","","","","40V","1A","","DO15","SCHOTTKY","1N5819","",""
"34beff78-5f8a-498c-8b88-d544d0376b19","",".\SCHLIB\DIODES.SCHLIB","","","DIODE,SCHOTTKY,80V,7.5A,STPS15,TO220,TH","ST","STPS15","A0381","","","","","","80V","7.5A","","TO220","SCHOTTKY","STPS15","TH",""
"7336efa2-d224-44c1-b97f-08fe1b8e52c1","",".\SCHLIB\DIODES.SCHLIB","","","DIODE,GENERAL PURPOSE,600V,1A,STTH1L06,DO41,TH","ST","STTH1L06","A0383","","","","","","600V","1A","","DO41","GENERAL PURPOSE","STTH1L06","TH",""
"bd859a7f-f0df-4764-899c-a4e14f73aba4","",".\SCHLIB\DIODES.SCHLIB","","","DIODE,TVS,213V,P6KE250ARL,DO15","ST","P6KE250ARL","A0380","","","","","","213V","","","DO15","TVS","P6KE250ARL","",""
"16c793d1-b97b-4652-9876-fc1582f6a2dc","",".\SCHLIB\DIODES.SCHLIB","","","DIODE,BRIDGE,1000V,2A,2W10,WOB","MDD","2W10","A0387","","","","","","1000V","2A","","WOB","BRIDGE","2W10","",""
"afb5daa3-f115-4596-98df-183148cf8872","",".\SCHLIB\DIODES.SCHLIB","","","DIODE,SCHOTTKY,100V,2A,STPS2H100,DO41,TH","ST","STPS2H100","A0385","","","","","","100V","2A","","DO41","SCHOTTKY","STPS2H100","TH",""
"07c5826b-616e-4632-b132-c09e42ecf010","",".\SCHLIB\DIODES.SCHLIB","","","DIODE,BRIDGE,50V,6A,6GBU06,GBU6,TH","IR","6GBU06","A0224","","","","","","50V","6A","","GBU6","BRIDGE","6GBU06","TH",""
"0c251952-d09e-4f4a-8255-878b6d87a115","",".\SCHLIB\DIODES.SCHLIB","","","DIODE,GENERAL PURPOSE, DUAL CC,60V,3A,MBRD660CTT,DPAK,SMD","VISHAY","MBRD660CTT","A0274","","","","","","60V","3A","","DPAK","GENERAL PURPOSE, DUAL CC","MBRD660CTT","SMD",""
"1236fac3-cd68-4abc-b29d-ccef221333ac","",".\SCHLIB\DIODES.SCHLIB","","","DIODE,SUPER FAST,ARRAY,CC,400V,10A,SFF1006,TO220,TH","TAIWAN SEMI","SFF1006","A0294","","","","","","400V","10A","","TO220","SUPER FAST,ARRAY,CC","SFF1006","TH",""
"8f603f61-7988-4e59-b26a-de582b55c898","",".\SCHLIB\DIODES.SCHLIB","","","DIODE,GENERAL PURPOSE,600V,15A,APT15DQ60KG,TO220-2,TH","MICROCHIP","APT15DQ60KG","A0290","","","","","","600V","15A","","TO220-2","GENERAL PURPOSE","APT15DQ60KG","TH",""
"fb0c1329-2108-44ad-9928-8a400f24f094","",".\SCHLIB\DIODES.SCHLIB","","","DIODE,SUPER FAST,ARRAY,CA,300V,10A,SFF1005GA,TO220,TH","TAIWAN SEMI","SFF1005GA","A0297","","","","","","300V","10A","","TO220","SUPER FAST,ARRAY,CA","SFF1005GA","TH",""
"6578455c-7c7b-4b06-ae97-927e16721e89","",".\SCHLIB\DIODES.SCHLIB","","","DIODE,GENERAL PURPOSE, DUAL CC,150V,5A,MBR130P,DO41,TH","LITTELFUSE","MBR130P","A0663, A0665","","","","","","150V","5A","","DO41","GENERAL PURPOSE, DUAL CC","MBR130P","TH",""
"d7b31a7f-d5f4-420e-9af0-31b76022319b","",".\SCHLIB\DIODES.SCHLIB","","","DIODE,GENERAL PURPOSE,75V,300mA,1N4148,DO35,TH","VISHAY","1N4148","A0671, A0687","","","","","","75V","300mA","","DO35","GENERAL PURPOSE","1N4148","TH",""
"da89a58a-b2fb-492c-8ff1-670695772622","",".\SCHLIB\DIODES.SCHLIB","","","DIODE,GENERAL PURPOSE,50V,3A,1N5400,DO201","ONSEMI","1N5400","A0680, A0666","","","","","","50V","3A","","DO201","GENERAL PURPOSE","1N5400","",""
"fefbad2d-64a6-4f7c-ba90-74287a6f2cf0","",".\SCHLIB\DIODES.SCHLIB","","","DIODE,ZENER,5V11,225mW,BZX84C5V1LT1,SOT23,SMD","NXP","BZX84C5V1LT1","R689","","","","","","5V11","","225mW","SOT23","ZENER","BZX84C5V1LT1","SMD",""
"329142a9-c2e0-4952-ab71-ec23d489394e","",".\SCHLIB\DIODES.SCHLIB","","","DIODE,SCHOTTKY,30V,3A,1N5821,DO201","DIOTEC","1N5821","A0644","","","","","","30V","3A","","DO201","SCHOTTKY","1N5821","",""
"b23edee0-72b5-4ea0-945a-37e1aca31abf","",".\SCHLIB\DIODES.SCHLIB","","","DIODE,ZENER,6V8,1W,1N4736,DO41,TH","ONSEMI","1N4736","A0657","","","","","","6V8","","1W","DO41","ZENER","1N4736","TH",""
"9d232d45-ce12-4579-acb5-992f657c83e4","",".\SCHLIB\DIODES.SCHLIB","","","DIODE,ZENER,3V3,500mW,MMSZ5226BT1G,SOD123,SMD","ONSEMI","MMSZ5226BT1G","R614","","","","","","3V3","","500mW","SOD123","ZENER","MMSZ5226BT1G","SMD",""
"8dd7fd7d-b61b-4f62-86f1-cb7c7ae9bd2d","",".\SCHLIB\DIODES.SCHLIB","","","DIODE,ZENER,3V9,200mW,BZT52C3V9S-7,SOD323,SMD","NXP","BZT52C3V9S-7","R620","","","","","","3V9","","200mW","SOD323","ZENER","BZT52C3V9S-7","SMD",""
"1ada62e1-0be4-475b-9f61-b46ca97aee1d","",".\SCHLIB\DIODES.SCHLIB","","","DIODE,ZENER,6V2,250mW,BZX84C6V2,SOT23,SMD","NXP","BZX84C6V2","R622","","","","","","6V2","","250mW","SOT23","ZENER","BZX84C6V2","SMD",""
"d51a35ab-6dd4-423c-ab1d-80f4fdba67e5","",".\SCHLIB\DIODES.SCHLIB","","","DIODE,GENERAL PURPOSE, DUAL SERIES,75V,150mA,BAV99,SOT23,SMD","NXP","BAV99","R630","","","","","","75V","150mA","","SOT23","GENERAL PURPOSE, DUAL SERIES","BAV99","SMD",""
"1adfe49d-d0dd-49ab-a98d-1d7d76bc2ce9","",".\SCHLIB\DIODES.SCHLIB","","","DIODE,TVS, DUAL USB,5V5,PRTR5V0U2AX,SOT143,SMD","NXP","PRTR5V0U2AX","R631","","","","","","5V5","","","SOT143","TVS, DUAL USB","PRTR5V0U2AX","SMD",""
"b11fe1b0-b5aa-4e12-9e34-5055fb8bc829","",".\SCHLIB\DIODES.SCHLIB","","","DIODE,GENERAL PURPOSE,80V,100mA,MA2J11100L,SMINI2","PANASONIC","MA2J11100L","R673","","","","","","80V","100mA","","SMINI2","GENERAL PURPOSE","MA2J11100L","",""
"7e7c31eb-ac0e-44b9-b002-f6f96194bf6d","",".\SCHLIB\DIODES.SCHLIB","","","DIODE,SCHOTTKY,10V,3A,PMEG1030EH.115,SOD123F,SMD","NXP","PMEG1030EH.115","R678","","","","","","10V","3A","","SOD123F","SCHOTTKY","PMEG1030EH.115","SMD",""
"bdb86b93-6594-48bc-8d6e-72b978892282","",".\SCHLIB\DIODES.SCHLIB","","","DIODE,ZENER,5V1,500mW,MMSZ5231BT10,SOD123,SMD","ONSEMI","MMSZ5231BT10","R682","","","","","","5V1","","500mW","SOD123","ZENER","MMSZ5231BT10","SMD",""
"acead2fe-4e63-425a-8c12-bd6661a455d4","",".\SCHLIB\DIODES.SCHLIB","","","DIODE,ZENER,3V3,200mW,MM3Z3V3BCT,SOD123F,SMD","ONSEMI","MM3Z3V3BCT","R686","","","","","","3V3","","200mW","SOD123F","ZENER","MM3Z3V3BCT","SMD",""
"2b37d5d8-a355-45ba-80b1-0fea61d6416a","",".\SCHLIB\DIODES.SCHLIB","","","DIODE,SCHOTTKY,40V,5A,B540CDICT,SMC,SMD","DIODES INC","B540CDICT","R690","","","","","","40V","5A","","SMC","SCHOTTKY","B540CDICT","SMD",""
"955588e0-d19e-4244-ab35-00919cc1cda0","",".\SCHLIB\DIODES.SCHLIB","","","DIODE,TVS,USB,6V,USBLC-2SC6,SOT23-6,SMD","ST","USBLC-2SC6","R694","","","","","","6V","","","SOT23-6","TVS,USB","USBLC-2SC6","SMD",""
"986f0539-7647-41fe-bc5f-80965eab79f1","",".\SCHLIB\DIODES.SCHLIB","","","DIODE,ZENER,4V7,500mW,MMSZ5230ST10SCT,SOD123,SMD","ONSEMI","MMSZ5230ST10SCT","R680","","","","","","4V7","","500mW","SOD123","ZENER","MMSZ5230ST10SCT","SMD",""
"30ae94ef-698a-4fe4-9ea4-d56c3dadf10d","",".\SCHLIB\DIODES.SCHLIB","","","DIODE,GENERAL PURPOSE, DUAL CC,100V,200mA,BAV70,SOT23,SMD","NXP","BAV70","R684","","","","","","100V","200mA","","SOT23","GENERAL PURPOSE, DUAL CC","BAV70","SMD",""
"aa602f12-8d38-4a67-bd28-1067e938e6c9","",".\SCHLIB\DIODES.SCHLIB","","","DIODE,ZENER,2V,500mW,MMSZ4679T10SCT,SOD123,SMD","ONSEMI","MMSZ4679T10SCT","R688","","","","","","2V","","500mW","SOD123","ZENER","MMSZ4679T10SCT","SMD",""
"b6232f99-e145-40a4-a0b9-89f9f21ecfeb","",".\SCHLIB\DIODES.SCHLIB","","","DIODE,ZENER,2V,250mW,CMDZ2L0,SOD323,SMD","CENTRAL SEMICONDUCTOR","CMDZ2L0","R683","","","","","","2V","","250mW","SOD323","ZENER","CMDZ2L0","SMD",""
"a8bb417b-eb38-4093-b969-167550eeafd5","",".\SCHLIB\DIODES.SCHLIB","","","DIODE,LED,RGB,RGB,LRTBG6TG,PLCC6","OSRAM","LRTBG6TG","R687","","","","","","RGB","","","PLCC6","LED,RGB","LRTBG6TG","",""
"0b6b4f0a-521f-4023-a286-fbccf13ddf8a","",".\SCHLIB\DIODES.SCHLIB","","","DIODE,ZENER,3V6,500mW,MMSZ5227BT10SCT,SOD123,SMD","ONSEMI","MMSZ5227BT10SCT","R692","","","","","","3V6","","500mW","SOD123","ZENER","MMSZ5227BT10SCT","SMD",""
"7f705df0-c45a-4131-a0b0-fe1efcc9f3d2","",".\SCHLIB\DIODES.SCHLIB","","","DIODE,ZENER,5V1,250mW,BZX84-C5V1,SOT23,SMD","NXP","BZX84-C5V1","R706","","","","","","5V1","","250mW","SOT23","ZENER","BZX84-C5V1","SMD",""
"f3cfcb92-5177-47ad-80db-5137d25e73d1","",".\SCHLIB\DIODES.SCHLIB","","","DIODE,TVS,12V,SM2T14A,DO216","ST","SM2T14A","R707","","","","","","12V","","","DO216","TVS","SM2T14A","",""
"a6393000-92d8-4a1d-95fa-6b5d6c48d493","",".\SCHLIB\DIODES.SCHLIB","","","DIODE,SCHOTTKY,30V,5A,CMS04CT-ND,MFLAT","TOSHIBA","CMS04CT-ND","R714","","","","","","30V","5A","","MFLAT","SCHOTTKY","CMS04CT-ND","",""
"2b5e5342-9682-4bed-a3cc-3b3a5bf42a80","",".\SCHLIB\DIODES.SCHLIB","","","DIODE,ZENER,3V6,200mW,MM3Z3V6CCT-ND,SOD323F,SMD","ONSEMI","MM3Z3V6CCT-ND","R718","","","","","","3V6","","200mW","SOD323F","ZENER","MM3Z3V6CCT-ND","SMD",""
"dfdf49e3-1c50-410b-90b5-6da591271d42","",".\SCHLIB\DIODES.SCHLIB","","","DIODE,GENERAL PURPOSE,40V,100mA,MA116CT-ND,SMINI2","PANASONIC","MA116CT-ND","R594","","","","","","40V","100mA","","SMINI2","GENERAL PURPOSE","MA116CT-ND","",""
"92f905b1-3a9e-4aed-bffc-c7ea1b3de18f","",".\SCHLIB\DIODES.SCHLIB","","","DIODE,TVS,USB,5V25,USBLC6-4SC6,SOT23-6,SMD","ST","USBLC6-4SC6","R596, R603","","","","","","5V25","","","SOT23-6","TVS,USB","USBLC6-4SC6","SMD",""
"d1494108-d410-49e5-8199-ad15e6e40521","",".\SCHLIB\DIODES.SCHLIB","","","DIODE,SCHOTTKY,30V,1.5A,MA2Q70500LCT-ND,NMINIP","PANASONIC","MA2Q70500LCT-ND","R601","","","","","","30V","1.5A","","NMINIP","SCHOTTKY","MA2Q70500LCT-ND","",""
"1071fce3-3952-49ca-9396-0b98ecfd63d9","",".\SCHLIB\DIODES.SCHLIB","","","DIODE,BRIDGE,600V,8W,GBU8J,GBU4,TH","GI","GBU8J","A0467","","","","","","600V","8W","","GBU4","BRIDGE","GBU8J","TH",""
"724792a4-5043-441f-a80c-305e7fa966f4","",".\SCHLIB\DIODES.SCHLIB","","","DIODE,SCHOTTKY,50V,10A,10SQ050,R6","PEC","10SQ050","A0503","","","","","","50V","10A","","R6","SCHOTTKY","10SQ050","",""
"5c69bed0-f4b2-4814-8bf2-3d903ff74337","",".\SCHLIB\DIODES.SCHLIB","","","DIODE,GENERAL PURPOSE,400V,1A,1N4004,DO204,TH","ONSEMI","1N4004","MARS180, MARS175","","","","","","400V","1A","","DO204","GENERAL PURPOSE","1N4004","TH",""
"5cbdab10-bad9-4a38-ba81-ef68785d4fbe","",".\SCHLIB\DIODES.SCHLIB","","","DIODE,BAT54C,SOT23,SMD","","BAT54C","R744","","","","","","","","","SOT23","","BAT54C","SMD",""
"eb375ca0-cb6e-4414-86a2-36af2432a57a","",".\SCHLIB\DIODES.SCHLIB","","","DIODE,MBR230LSFT1G,SOD123F,SMD","ONSEMI","MBR230LSFT1G","R745","","","","","","","","","SOD123F","","MBR230LSFT1G","SMD",""
"1b7264d3-df31-4cf6-9b60-67b98e2dc5a7","",".\SCHLIB\DIODES.SCHLIB","","","DIODE,MBRS1100TRPBF","ONSEMI","MBRS1100TRPBF","R751","","","","","","","","","","","MBRS1100TRPBF","",""
"e0ba7916-66b1-4f00-94bd-720b3de113a7","",".\SCHLIB\DIODES.SCHLIB","","","DIODE,PRTR5V0U2X,215,SOD143B,SMD","NXP","PRTR5V0U2X,215","R760","","","","","","","","","SOD143B","","PRTR5V0U2X,215","SMD",""
"ea364da3-b8ee-4ab7-81b4-48f08300171d","",".\SCHLIB\DIODES.SCHLIB","","","DIODE,SCHOTTKY,30V,2A,MBR230LSFT1G,SOD-123-FL","ONSEMI","MBR230LSFT1G","R763","","","","","","30V","2A","","SOD-123-FL","SCHOTTKY","MBR230LSFT1G","",""
"08107305-b4ef-4275-a54b-6364e42f59d4","",".\SCHLIB\DIODES.SCHLIB","","","DIODE,BAT54S RFG","","BAT54S RFG","R774","","","","","","","","","","","BAT54S RFG","",""
"c373e904-1be8-4733-b02f-eb3c6dd36cc9","",".\SCHLIB\DIODES.SCHLIB","","","DIODE,TVS,8.8V,CM1223-02SO,SOT23-5,SMD","","CM1223-02SO","R771","","","","","","8.8V","","","SOT23-5","TVS","CM1223-02SO","SMD",""
"d80ccecf-6fe6-40bd-8a0a-39cd65609f16","",".\SCHLIB\DIODES.SCHLIB","","","DIODE,SCHOTTKY,60V,2.1A,MBRA160T3G,DO214AC","ONSEMI","MBRA160T3G","R783","","","","","","60V","2.1A","","DO214AC","SCHOTTKY","MBRA160T3G","",""
"ea305677-f38a-41b5-b11e-a9855b56ce3f","",".\SCHLIB\DIODES.SCHLIB","","","DIODE,BAT54S,SOT23,SMD","DIOTEC","BAT54S","R788","","","","","","","","","SOT23","","BAT54S","SMD",""
"392f331b-b79e-4525-b7f3-57bd2fffe756","",".\SCHLIB\DIODES.SCHLIB","","","DIODE,BAT20JFILM","","BAT20JFILM","R770","","","","","","","","","","","BAT20JFILM","",""
"1336f441-67cd-4ce0-ac4c-6b3fe6a1c628","",".\SCHLIB\DIODES.SCHLIB","","","DIODE,BAT54A,SOT23,SMD","HOTTECH","BAT54A","A0423","","","","","","","","","SOT23","","BAT54A","SMD",""
"af5bf307-999b-480a-8521-d61b6f5c4397","",".\SCHLIB\DIODES.SCHLIB","","","DIODE,BAT54","HOTTECH","BAT54","A0425","","","","","","","","","","","BAT54","",""
"af5b85d5-6319-47c6-ad61-ae4337ca50ab","",".\SCHLIB\DIODES.SCHLIB","","","DIODE,DLP05","DIODES INC","DLP05","A0420","","","","","","","","","","","DLP05","",""
"ec2fec2b-7c34-4ad2-a0f8-01c2e36bc93f","",".\SCHLIB\DIODES.SCHLIB","","","DIODE,1N5402","GI","1N5402","A0691, A0692","","","","","","","","","","","1N5402","",""
"a46e41af-2a0e-4dd6-8913-e03f650cbd3c","",".\SCHLIB\DIODES.SCHLIB","","","DIODE,1N5820","GI","1N5820","A0693, A0694","","","","","","","","","","","1N5820","",""
"db401fdf-fbf5-4f7a-ba22-2c989d9ed986","",".\SCHLIB\DIODES.SCHLIB","","","DIODE,T6A05L","TAITRON","T6A05L","A0695","","","","","","","","","","","T6A05L","",""
"a891da8b-5bf0-4afd-b306-95362d67f2ac","",".\SCHLIB\DIODES.SCHLIB","","","DIODE,1N5817","ON","1N5817","A0697","","","","","","","","","","","1N5817","",""
"f3b2c265-d9d2-49b6-863e-dbca17fc5c6b","",".\SCHLIB\DIODES.SCHLIB","","","DIODE,1N457A","ON","1N457A","A0709","","","","","","","","","","","1N457A","",""
"623e0706-85e3-47af-8f59-ef49e11a255b","",".\SCHLIB\DIODES.SCHLIB","","","DIODE,STPS3045CP,TO247,TH","ST","STPS3045CP","A0752","","","","","","","","","TO247","","STPS3045CP","TH",""
"27f83e5f-3dc7-46d5-9a47-b2dc59e00478","",".\SCHLIB\DIODES.SCHLIB","","","DIODE,1N4148,GLASS,TH","","1N4148","A0790","","","","","","","","","GLASS","","1N4148","TH",""
"df36fe7f-3766-4ffd-ba5d-6e04fb2dd7d6","",".\SCHLIB\DIODES.SCHLIB","","","DIODE,1N4004","MOTOROLA","1N4004","A0852, A0853, A0854, A0855","","","","","","","","","","","1N4004","",""
"75ed46eb-2f2f-42b5-aa0a-d45d911b94df","","","","","DIODE,SCHOTTKY,20V,3A","DIODES","SK32-7","A988","","","","","","20V","3A","","","SCHOTTKY","","","REPLACED BY B3X0 SERIES"
"da440854-07bb-4c17-be24-a3f49e1653a3","","","","","DIODE,DUAL SERIES,SWITCHING,75V,300mA,SOT23","NXP","BAV99","A1006","","","","","","75V","300mA","","SOT23","DUAL SERIES,SWITCHING","","",""
"e93e6a0e-db03-4ed1-a03a-34e12dfdd026","","","","","DIODE,SOT23","","MMBZ5226","A1046","","","","","","","","","SOT23","","","",""
"17641b80-2e1e-4d4c-8b1e-0e398bc90d6f","","","","","DIODE,BRIDGE RECTIFIER,200V,2A,TH","","KBP202G","A1067","","","","","","200V","2A","","TH","BRIDGE RECTIFIER","","",""
