"Index","Library Ref","Library Path","Footprint Ref","Footprint Path","Description","Manufacturer 1","Manufacturer Part Number 1","Location","LCSC","Digikey","Mouser","TME","Manufacturer","Manufacturer PartNo","Package","AEC-Q","If","Color","LEDtype","Supplier","Supplier PartNo","GenericName"
"7915775c-bb19-429b-b5b0-ca3b72f56de2","",".\SCHLIB\DIODES.SCHLIB","","","LED, RED/GREEN, SOT23","LITEON","LTL907HK-TA","R4, R5, R6, R6, R7, R8","","","","","LITEON","LTL907HK-TA","SOT23","","","RED/GREEN","SOT23","","",""
"cfe7345f-1c09-474b-9a9d-305e45c1b771","DIODE-LED-WHITE-KA",".\SCHLIB\DIODES.SCHLIB","","","LED, WHITE, 2835","CREE","JB2835 3-V","R137","","","","","CREE","JB2835 3-V","2835","","","WHITE","2835","","",""
"53e20f47-8efa-4a4f-bfed-f79ad615ab63","DIODE-LED-GREEN-KA",".\SCHLIB\DIODES.SCHLIB","","","LED, GREEN, PLCC2","","","R289","","","","","","","PLCC2","","","GREEN","PLCC2","","",""
"83a9d24c-70bf-49be-9291-ceb7c82e30a9","DIODE-LED-YELLOW-KA",".\SCHLIB\DIODES.SCHLIB","","","LED, YELLOW, PLCC2","","","R290, R291, R292","","","","","","","PLCC2","","","YELLOW","PLCC2","","",""
"5c0e2b8b-221a-4509-8970-e4bfd024a64f","DIODE-LED-RED-KA",".\SCHLIB\DIODES.SCHLIB","","","LED, RED, PLCC2","","","R293, R294, R295, R296, R299, R300","","","","","","","PLCC2","","","RED","PLCC2","","",""
"1022c6f4-0207-4629-b2bf-de0f5505f218","DIODE-LED-RED-KA",".\SCHLIB\DIODES.SCHLIB","","","LED, RED HI-EFF, PLCC2","","","R297, R298, R304","","","","","","","PLCC2","","","RED HI-EFF","PLCC2","","",""
"37c8650e-cc49-4978-8085-810b349a49df","DIODE-LED-BLUE-KA",".\SCHLIB\DIODES.SCHLIB","","","LED, BLUE, 3MM, CLEAR","MISC","","MARS1","","","","","MISC","","3MM","","","BLUE CLEAR","TH3MM","","",""
"f51596ce-3296-4bf5-a6fa-ab9268da2d37","DIODE-LED-GREEN-KA",".\SCHLIB\DIODES.SCHLIB","","","LED, GREEN, 3MM, CLEAR","MISC","","MARS2","","","","","MISC","","3MM","","","GREEN CLEAR","TH3MM","","",""
"2a67000b-d845-4f7b-95d9-9b09cdac47d3","DIODE-LED-RED-KA",".\SCHLIB\DIODES.SCHLIB","","","LED, RED, 3MM, CLEAR","MISC","","MARS3","","","","","MISC","","3MM","","","RED CLEAR","TH3MM","","",""
"8e72bf7a-bc64-41be-8ada-513c7b84fe4d","DIODE-LED-WHITE-KA",".\SCHLIB\DIODES.SCHLIB","","","LED, WHITE, 3MM, CLEAR","MISC","","MARS4","","","","","MISC","","3MM","","","WHITE CLEAR","TH3MM","","",""
"7a367d05-f128-425e-bb1c-611ce50f3159","","","","","LED, WHITE, MISC","STOCK","","MARS5","","","","","STOCK","","","","","","","","",""
"ef1dbf7a-45de-4c5a-bf39-b55af564e4dd","DIODE-LED-RED-KA",".\SCHLIB\DIODES.SCHLIB","","","LED, RED, 5MM, CLEAR","MISC","","MARS6","","","","","MISC","","5MM","","","RED CLEAR","TH5MM","","",""
"d5323b3b-1e44-4261-a17b-7b35ec71e53f","DIODE-LED-GREEN-KA",".\SCHLIB\DIODES.SCHLIB","","","LED, GREEN, 5MM, CLEAR","MISC","","MARS7","","","","","MISC","","5MM","","","GREEN CLEAR","TH5MM","","",""
"c749c170-b26b-4605-a629-109890f1ecfb","DIODE-LED-GREEN-KA",".\SCHLIB\DIODES.SCHLIB","","","LED, GREEN, 5MM, CLEAR","MISC","","MARS8","","","","","MISC","","5MM","","","GREEN CLEAR","TH5MM","","",""
"3991ee17-1841-449a-b8fc-e634af331d46","DIODE-LED-ORANGE-KA",".\SCHLIB\DIODES.SCHLIB","","","LED, ORANGE, 5MM, CLEAR","MISC","","MARS9","","","","","MISC","","5MM","","","ORANGE CLEAR","TH5MM","","",""
"fd7975cd-cc2a-4b77-b7ca-9e0fbedb9350","DIODE-LED-ORANGE-KA",".\SCHLIB\DIODES.SCHLIB","","","LED, ORANGE, 5MM, CLEAR","MISC","","MARS10","","","","","MISC","","5MM","","","ORANGE CLEAR","TH5MM","","",""
"9132bef0-50fa-4592-a3f6-1b85153adc1f","DIODE-LED-WHITE-KA",".\SCHLIB\DIODES.SCHLIB","","","LED, WHITE, 5MM, CLEAR","MISC","","MARS11","","","","","MISC","","5MM","","","WHITE CLEAR","TH5MM","","",""
"85984391-6666-4822-b8d1-db9e7a2679d7","DIODE-LED-BLUE-KA",".\SCHLIB\DIODES.SCHLIB","","","LED, BLUE, 5MM, CLEAR","MISC","","MARS12","","","","","MISC","","5MM","","","BLUE CLEAR","TH5MM","","",""
"61858bbd-24b8-49bf-93f6-27f018bd3fbf","DIODE-LED-UV-KA",".\SCHLIB\DIODES.SCHLIB","","","LED, UV, 5MM, CLEAR","MISC","","MARS13","","","","","MISC","","5MM","","","UV CLEAR","TH5MM","","",""
"a913583a-52d2-4cd7-92fa-650c80d7fbc8","",".\SCHLIB\DIODES.SCHLIB","","","LED, RED/GREEN, 5MM","MISC","","MARS14","","","","","MISC","","5MM","","","RED/GREEN","TH5MM","","",""
"8f23e22a-74d4-448d-ab76-9af73b3d6693","",".\SCHLIB\DIODES.SCHLIB","","","LED, RGB, 5MM, CLEAR","MISC","","MARS15","","","","","MISC","","5MM","","","RGB CLEAR","TH5MM","","",""
"5066d274-b80f-436b-8707-a716dd5159d2","DIODE-LED-RED-KA",".\SCHLIB\DIODES.SCHLIB","","","LED, RED, 3MM","MISC","","MARS16A","","","","","MISC","","3MM","","","RED","TH3MM","","",""
"3d0d84da-807f-4269-8038-b794e46e9444","DIODE-LED-RED-KA",".\SCHLIB\DIODES.SCHLIB","","","LED, RED, 5MM","MISC","","MARS16B","","","","","MISC","","5MM","","","RED","TH5MM","","",""
"82d2168c-2e2c-4bff-af01-5712b2e4512a","DIODE-LED-YELLOW-KA",".\SCHLIB\DIODES.SCHLIB","","","LED, YELLOW, 3MM","MISC","","MARS17A","","","","","MISC","","3MM","","","YELLOW","TH3MM","","",""
"6eca1a3b-f6d2-4afd-84ed-a2a110b7ee90","DIODE-LED-YELLOW-KA",".\SCHLIB\DIODES.SCHLIB","","","LED, YELLOW, 5MM","MISC","","MARS17B","","","","","MISC","","5MM","","","YELLOW","TH5MM","","",""
"193fdbcf-7c9e-4cbc-a185-a3a9d99d464a","DIODE-LED-GREEN-KA",".\SCHLIB\DIODES.SCHLIB","","","LED, GREEN, 3MM","MISC","","MARS18A","","","","","MISC","","3MM","","","GREEN","TH3MM","","",""
"26639282-8b53-4a22-9565-0d63644c4ac1","DIODE-LED-GREEN-KA",".\SCHLIB\DIODES.SCHLIB","","","LED, GREEN, 5MM","MISC","","MARS18B","","","","","MISC","","5MM","","","GREEN","TH5MM","","",""
"ba6aba99-d96b-445c-874e-241b02865122","DIODE-LED-PIRANA-WHITE",".\SCHLIB\DIODES.SCHLIB","","","LED, WHITE, PIRANA","MISC","","MARS19","","","","","MISC","","PIRANA","","","WHITE","PIRANA","","",""
"71769d96-f129-4351-b8a0-c3916646d79d","","","","","","CHICAGO MINI","7002X5","R430, R431, R432","","","","","CHICAGO MINI","7002X5","PLCC2","","","GREEN","","","",""
"caeda7ba-1310-4b13-9437-681dec8e6de9","","","","","","","FC-DA1608BHRK-620D","A0147","","","","","","FC-DA1608BHRK-620D","0603","","","RED","0603","LCSC","",""
"7724404e-4a7e-411c-8d52-f2af4c99194b","","","","","","","QSD123-ND","A0154","","QSD123-ND","","","","QSD123-ND","5MM","","","IR","TH5MM","DIGIKEY","QSD123-ND",""
"4faaa78b-725f-492d-935a-259709ec55fc","","","","","","","HQ15-2202BYGC","A0175","","","","","","HQ15-2202BYGC","","","","BLUE/YELLOW/GREEN","","LCSC","",""
"27e75344-0e1e-438e-af87-8dacbbb522d1","","","","","","","","A0172","","QED123-ND","","","","","","","","IR","TH5MM","DIGIKEY","QED123-ND",""
"f8aa3f5b-bb26-459e-8522-4b830a9799de","","","","","","WENRUN","LTD056BUE-103A","A0226, A0245, A0229, A0190, A0244","","","","","WENRUN","LTD056BUE-103A","","","","7SEG 3CA MUX","","TME","",""
"519335f0-96d8-43cb-b5c5-a38976b1abf6","","","","","","","LN5643R-11","A0238, A0195, A0243, A0218, A0219","","","","","","LN5643R-11","","","","7SEG 3CA MUX","","JAMECO","2125229",""
"b50af729-5e0f-4f1c-84a1-a3e8a48494c1","","","","","","NEWHAVEN","NHD-C12832A1Z-NSW-BBW-3V3","A0160","","","","","NEWHAVEN","NHD-C12832A1Z-NSW-BBW-3V3","","","","LCD 128X32","","","",""
"78e81ddb-7b3f-42ec-8013-3301f64ffc67","","","","","","","ORH-B36G","A0170","","","","","","ORH-B36G","","","","","","LCSC","",""
"8e34492c-cb54-457e-8b03-cbf5efcf92c5","","","","","","","NHD-C0216CIZ-FSW-FBW-3V3","A0577","","","","","","NHD-C0216CIZ-FSW-FBW-3V3","","","","","","","",""
"fff30801-07b8-4fa4-b3d9-29a02fe94717","","","","","","","LS","A0374","","","","","","LS","Q976-NR-1","","","","","","",""
"80f7852b-029b-4536-bf74-cd340bfed512","","","","","","","","A0363","","","","","","","LTL911TGKS","","","","","","",""
"f90af700-857e-4e37-b29c-486fe63456f4","","","","","","","","A0283,  A0284","","","","","","","LTD-6930HR","","","+1.8","","","",""
"3ae541ef-f06d-48a3-ab18-b95f804ae72f","","","","","","","","A0647","","","","","","","NOKIA5110","","","","","","",""
"fb5d9c24-1450-448d-8728-edde6c96f8c0","","","","","","","CREE","R613","","","","","","CREE","CLA1B-WKW-XD0F0E13","","","","","","",""
"1a8f11f7-3bcc-430e-8256-eacced6c666d","","","","","","","LRTBG6TG","R687","","","","","","LRTBG6TG","","","","","","","",""
"36703030-46d7-4613-bff2-6d99614a004a","","","","","LED, BARGRAPH, 10 X SUPERRED","","2510SR1","A0672, A0673","","","","","","2510SR1","","","","","","","",""
"70d92677-37d2-48a8-8d1f-022564b2f8f4","","","","","","SUNLED","XZMDKCBDDG45S-9","R704","","","","","SUNLED","XZMDKCBDDG45S-9","","","","","","","",""
"1f6c4c6c-c59a-43a8-a21c-2a12e7bc470f","","","","","","LCSC","LED YELLOW 0603","R700","","","","","LCSC","LED YELLOW 0603","","","","","","","",""
"a778c922-4d4a-474e-8bf2-b6f01c80542f","","","","","LED, HOLDER, CHROME, PANEL, 5MM","","","A0465","","","","","","","","","","","","","",""
"bbb54e45-11d5-4835-ad9d-52c80528d194","","","","","","","150141RB73100","R754","","","","","","150141RB73100","PLCC4","","","RED/BLUE","","","",""
"11b49f7d-ffa0-4604-bade-a6035b4583b8","","","","","","ORIENT","ORH-R36A","R766","","","","","ORIENT","ORH-R36A","0603","","","ORANGE RED","","LCSC","",""
"cf27a86b-034c-424e-863f-90c058a19132","","","","","","","NCD0603Y1","R782","","","","","","NCD0603Y1","0603","","","","","","",""
"623c536b-3bd0-479e-b76d-b80cd048f9cd","","","","","","","ORH-W46G","R773","","","","","","ORH-W46G","0603","","","","","","",""
"3fdf5b02-e1a6-4120-89f7-31ff74881c72","","","","","","","NCD0603O1","R786","","","","","","NCD0603O1","0603","","","ORANGE","","","",""
"b72f26c3-5f05-465e-9e68-42d75770df71","","","","","","","","R792","","","","","","","0603","","","BLUE","","","",""
"6d1b38cc-c1cb-4923-b96f-f0bed203bb1c","","","","","","","ORH-YG36A","A0418","","","","","ORIENT TECHNOLOGY","ORH-YG36A","0603","","","YELLOW-GREEN","","LCSC","",""
"2a6acddc-e5a7-4d7f-a39a-10d654bf848c","","","","","","","ORH-W46G","A0412","","","","","","ORH-W46G","","","","WHITE","","LCSC","",""
"efe0420c-dcba-423f-8593-83a519d82ca5","","","","","","","OLED128X32","A0398, A0399","","","","","","OLED128X32","MODULE I2C","","","","","","",""
"d6e3bee3-2c84-47ac-8b26-021cf43424a3","","","","","","BROADCOM","HCNR200","A0422","","","","","BROADCOM","HCNR200","","","","","","","",""
"2ba73f51-4da9-4301-a320-03fbff62e85b","","","","","","PANASONIC","LN363GCP","A0794","","","","","PANASONIC","LN363GCP","","","","","","","",""
"090b1543-206c-402f-a495-49cf811e3ae5","","","","","","","LTL4233","A0845","","","","","","LTL4233","","","","","","","",""
"0c75385f-7dc3-44a8-9001-d074148d8dc8","","","","","","","HLMP-1719","A0846, A0847","","","","","","HLMP-1719","","","","","","","",""
"c00373e7-545f-4d35-a2d6-c156963bb532","","","","","","KINGBRIGHT","","A927, A928","","","","","KINGBRIGHT","","TH","","","","4X TH5MM","","",""
