"Index","Library Ref","Library Path","Footprint Ref","Footprint Path","Description","Manufacturer 1","Manufacturer Part Number 1","Location","LCSC","Digikey","Mouser","TME","JAMECO","Package","Resistance","Tempco","Voltage","RESType","Tolerance","Wattage"
"aa0c8ac6-4945-4cf3-87d8-7d0a672840a2","","","","","","KOA SPEER","RK73B1JLTD333J","R128","","","","","","0603","33K","","","","5%","1/10W"
"c2794f10-edec-4218-bd87-4265d14a8bd2","RESTRIM",".\SCHLIB\PASSIVES.SCHLIB","","","","PIHER","PT10LV10-101A2020-PM-S","MARS21A","","","","","","","100R","","","TRIMMER ST-HOR","",""
"3d9503bc-c465-48d9-8be0-45726f8ab1af","RESTRIM",".\SCHLIB\PASSIVES.SCHLIB","","","","BOURNS","PV36W101C01B00","MARS21B","","","","","","","100R","","","TRIMMER MT SQ","",""
"0830e464-f204-4043-9f23-d6ed0770df23","RESTRIM",".\SCHLIB\PASSIVES.SCHLIB","","","","BOURNS","3006P-1-101LF","MARS21C","","","","","","","100R","","","TRIMMER MT RECT","",""
"d1041da6-c35b-4084-a881-a848176b56d3","RESTRIM",".\SCHLIB\PASSIVES.SCHLIB","","","","PIHER","PT10LV10-251A2020-S","MARS22A","","","","","","","250R","","","TRIMMER ST-HOR","",""
"49b8cc12-e712-4fc0-b0f2-a18150142902","RESTRIM",".\SCHLIB\PASSIVES.SCHLIB","","","","BOURNS","3299W-1-251LF","MARS22B","","","","","","","250R","","","TRIMMER MT SQ","",""
"ebd5fded-61fb-456d-853a-37f69e940ef4","RESTRIM",".\SCHLIB\PASSIVES.SCHLIB","","","","BOURNS","3006P-1-251LF","MARS22C","","","","","","","250R","","","TRIMMER MT RECT","",""
"f9abf2ba-09ba-4cbb-a845-d9aa490c691b","RESTRIM",".\SCHLIB\PASSIVES.SCHLIB","","","","PIHER","PT10LV10-501A2020-S","MARS23A","","","","","","","500R","","","TRIMMER ST-HOR","",""
"80d5c811-628e-418d-ae2c-3b99dff03866","RESTRIM",".\SCHLIB\PASSIVES.SCHLIB","","","","BOURNS","PV36W501C01B00","MARS23B","","","","","","","500R","","","TRIMMER MT SQ","",""
"437fe8d9-6a85-4791-8f94-d8e464b56841","RESTRIM",".\SCHLIB\PASSIVES.SCHLIB","","","","BOURNS","3006P-1-501LF","MARS23C","","","","","","","500R","","","TRIMMER MT RECT","",""
"ea9af9c4-9acb-45eb-92e0-3c3ff197f2ef","RESTRIM",".\SCHLIB\PASSIVES.SCHLIB","","","","PIHER","PT10LV10-102A2020-S","MARS24A","","","","","","","1K","","","TRIMMER ST-HOR","",""
"f98eca1e-03bc-4f38-9b65-d336cc18cefd","RESTRIM",".\SCHLIB\PASSIVES.SCHLIB","","","","BOURNS","PV36W102C01B00","MARS24B","","","","","","","1K","","","TRIMMER MT SQ","",""
"66e2c7a8-4c88-430c-8219-5ce6792245ea","RESTRIM",".\SCHLIB\PASSIVES.SCHLIB","","","","BOURNS","3006P-1-102LF","MARS24C","","","","","","","1K","","","TRIMMER MT RECT","",""
"c07162c7-c4f0-4b9d-a71e-314ea6905bf3","RESTRIM",".\SCHLIB\PASSIVES.SCHLIB","","","","PIHER","PT10LV10-252A2020-PM-S","MARS25A","","","","","","","2K5","","","TRIMMER ST-HOR","",""
"b141fb7d-a2b6-4d3d-a4e0-35804e8b4771","RESTRIM",".\SCHLIB\PASSIVES.SCHLIB","","","","BOURNS","3296W-1-252LF","MARS25B","","","","","","","2K5","","","TRIMMER MT SQ","",""
"0472a409-666b-441c-ada4-412b59ca97b3","RESTRIM",".\SCHLIB\PASSIVES.SCHLIB","","","","BOURNS","3006P-1-252LF","MARS25C","","","","","","","2K5","","","TRIMMER MT RECT","",""
"4694c224-4978-4c90-bcbd-b730bc711261","RESTRIM",".\SCHLIB\PASSIVES.SCHLIB","","","","PIHER","PT10LV10-502A2020-S","MARS26A","","","","","","","5K","","","TRIMMER ST-HOR","",""
"44815eda-0de0-4481-a451-266e250dd3df","RESTRIM",".\SCHLIB\PASSIVES.SCHLIB","","","","BOURNS","PV36W502C01B00","MARS26B","","","","","","","5K","","","TRIMMER MT SQ","",""
"8eed8b98-c4bf-4a1b-88b2-10926c8bf8da","RESTRIM",".\SCHLIB\PASSIVES.SCHLIB","","","","BOURNS","3006P-1-502LF","MARS26C","","","","","","","5K","","","TRIMMER MT RECT","",""
"1bc2617e-fd30-452b-bdfc-870e0a67c97d","RESTRIM",".\SCHLIB\PASSIVES.SCHLIB","","","","PIHER","PT10LV10-103A2020-S","MARS27A","","","","","","","10K","","","TRIMMER ST-HOR","",""
"39bf620a-1b3a-4c97-9f37-6ed132ed7440","RESTRIM",".\SCHLIB\PASSIVES.SCHLIB","","","","BOURNS","PV36W103C01B00","MARS27B","","","","","","","10K","","","TRIMMER MT SQ","",""
"d5baffcf-2de1-4bfe-957c-e5e14a313cea","RESTRIM",".\SCHLIB\PASSIVES.SCHLIB","","","","BOURNS","3006P-1-103LF","MARS27C","","","","","","","10K","","","TRIMMER MT RECT","",""
"c3c9ee36-51c6-4d77-bb96-b180cac8a921","RESTRIM",".\SCHLIB\PASSIVES.SCHLIB","","","","PIHER","PT10LV10-253A2020-PM-S","MARS28A","","","","","","","25K","","","TRIMMER ST-HOR","",""
"f301961f-7c8d-4d16-8053-df2267a9620f","RESTRIM",".\SCHLIB\PASSIVES.SCHLIB","","","","BOURNS","3299W-1-253LF","MARS28B","","","","","","","25K","","","TRIMMER MT SQ","",""
"ac63d3ae-c37a-4f73-bd94-d29f2c2cd63b","RESTRIM",".\SCHLIB\PASSIVES.SCHLIB","","","","BOURNS","3006P-1-253LF","MARS28C","","","","","","","25K","","","TRIMMER MT RECT","",""
"e1c94838-d814-4345-8eae-a4e6029b37b3","RESTRIM",".\SCHLIB\PASSIVES.SCHLIB","","","","PIHER","PT10LV10-503A2020-S","MARS29A","","","","","","","50K","","","TRIMMER ST-HOR","",""
"dcddc08a-aefc-497a-83f7-d8ba5dc9ec37","RESTRIM",".\SCHLIB\PASSIVES.SCHLIB","","","","BOURNS","PV36W503C01B00","MARS29B","","","","","","","50K","","","TRIMMER MT SQ","",""
"e1d0bacf-0c52-43a4-8b6b-613774659c88","RESTRIM",".\SCHLIB\PASSIVES.SCHLIB","","","","BOURNS","3006P-1-503LF","MARS29C","","","","","","","50K","","","TRIMMER MT RECT","",""
"4d695c63-b7e4-4729-9ff9-353f0b91b05c","RESTRIM",".\SCHLIB\PASSIVES.SCHLIB","","","","PIHER","PT10LV10-104A2020-PM-S
PT10MV10-104A2020","MARS30A","","","","","","","100K","","","TRIMMER ST-HOR","",""
"12593d5e-638e-4424-a9d0-ced54e3e2528","RESTRIM",".\SCHLIB\PASSIVES.SCHLIB","","","","BOURNS","PV36W104C01B00
PT10LV10-104A2020-I-PM-S","MARS30B","","","","","","","100K","","","TRIMMER MT SQ","",""
"550cad37-f949-4530-9ea3-07d4dd358df7","RESTRIM",".\SCHLIB\PASSIVES.SCHLIB","","","","BOURNS","3006P-1-104LF","MARS30C","","","","","","","100K","","","TRIMMER MT RECT","",""
"f1e3dba9-da85-4446-afdb-53abb341ff7f","RESTRIM",".\SCHLIB\PASSIVES.SCHLIB","","","","PIHER","PT10LV10-254A2020-PM-S
PT10LV10-254A2020-S","MARS31A","","","","","","","250K","","","TRIMMER ST-HOR","",""
"2a0d678e-79ec-497c-be2a-1a8ac67afe43","RESTRIM",".\SCHLIB\PASSIVES.SCHLIB","","","","BOURNS","3296W-1-254LF","MARS31B","","","","","","","250K","","","TRIMMER MT SQ","",""
"a15d252a-2fed-4916-86f1-a228066fb787","RESTRIM",".\SCHLIB\PASSIVES.SCHLIB","","","","BOURNS","3006P-1-254LF","MARS31C","","","","","","","250K","","","TRIMMER MT RECT","",""
"05b20519-3b99-4e37-9533-34dec5d1da25","RESTRIM",".\SCHLIB\PASSIVES.SCHLIB","","","","PIHER","PT10LV10-504A2020-S","MARS32A","","","","","","","500K","","","TRIMMER ST-HOR","",""
"ee80ba96-a6f0-4a9c-b281-602a2da17449","RESTRIM",".\SCHLIB\PASSIVES.SCHLIB","","","","BOURNS","PV36W504C01B00","MARS32B","","","","","","","500K","","","TRIMMER MT SQ","",""
"47ab0457-abe0-464c-90b1-4e073711406c","RESTRIM",".\SCHLIB\PASSIVES.SCHLIB","","","","BOURNS","3006P-1-504LF","MARS32C","","","","","","","500K","","","TRIMMER MT RECT","",""
"34fdeeb5-902c-4f2a-9d44-cf83a8415d21","RESTRIM",".\SCHLIB\PASSIVES.SCHLIB","","","","PIHER","PT10LV10-105A2020-S","MARS22A","","","","","","10MM","1M","","","TRIMMER ST-HOR","",""
"88456726-7750-40bb-b02c-517c63dc6dc5","RESTRIM",".\SCHLIB\PASSIVES.SCHLIB","","","","BOURNS","PV36W105C01B00","MARS22B","","","","","","","1M","","","TRIMMER MT SQ","",""
"4c5bedc4-50d3-4799-9dee-0fd219bab574","RESTRIM",".\SCHLIB\PASSIVES.SCHLIB","","","","BOURNS","3006P-1-105LF","MARS22C","","","","","","","1M","","","TRIMMER MT RECT","",""
"71c081ef-fd31-4dd2-9c16-adae29dc3080","RES0805",".\SCHLIB\PASSIVES.SCHLIB","","","","KOA","RK73B2ATTD102J","R327","","","","","","0805","1K","","","","5%",""
"ab2a5942-6b65-41e1-b689-463038a9bd6e","RES0603",".\SCHLIB\PASSIVES.SCHLIB","","","","CHIPCERA","CR03F7P1500L","R328","","","","","","0603","150R","","","","1%",""
"e8afa198-4816-4007-b980-6090a7b3b0c6","RES0603",".\SCHLIB\PASSIVES.SCHLIB","","","","","","R325, R326","","","","","","0603","1K","","","","5%",""
"8168537c-7ec2-4112-8037-9c6a3a5cc8f7","RES0603",".\SCHLIB\PASSIVES.SCHLIB","","","","","CRCW0603473JRTI","R329","","","","","","0603","47K","","","","5%",""
"ccec3419-7904-41b6-98bc-af7a485f38e1","RES0603",".\SCHLIB\PASSIVES.SCHLIB","","","","KOA","RM73B1JT681J","R330, R462","","","","","","0603","680R","","","","5%",""
"84f45921-fd3b-46c6-8013-27adbaa6472d","RES0603",".\SCHLIB\PASSIVES.SCHLIB","","","","PANASONIC","ERJ3GEYJ181V","R331","","","","","","0603","180R","","","","5%",""
"7266895e-4c74-42be-b86d-ea5d53e6977d","RES0603",".\SCHLIB\PASSIVES.SCHLIB","","","","","NRC06J331TR","R332","","","","","","0603","330R","","","","5%",""
"45856713-09da-4678-abe9-254f6954de20","RES0603",".\SCHLIB\PASSIVES.SCHLIB","","","","","CRCW060310K0","R334","","","","","","0603","10K","","","","5%",""
"d5a14eae-40c4-4e58-8a67-e5a98e2155f4","RES0603",".\SCHLIB\PASSIVES.SCHLIB","","","","","RC0603JR074K7","R335","","","","","","0603","4K7","","","","5%",""
"115819ef-8ef9-445e-8d81-f1704bb79532","RES0603",".\SCHLIB\PASSIVES.SCHLIB","","","","","RC0603JR-300R","R336","","","","","","0603","300R","","","","5%",""
"39c13884-218d-4bae-8245-f53e2fdaffd2","",".\SCHLIB\PASSIVES.SCHLIB","","","","KOA","RN73E2AT1003B","R364","","","","","","","100K","","","","",""
"e802c91b-af6a-406c-b626-b504b6097301","",".\SCHLIB\PASSIVES.SCHLIB","","","","KOA","RN73B1JLTD272","R362","","","","","","","2K7","","","","",""
"f500b8b8-1545-4727-990b-b2bb5a83dd37","",".\SCHLIB\PASSIVES.SCHLIB","","","","","CR-03J-7-220R","R361","","","","","","","220R","","","","5%",""
"82eda828-c6d0-4b95-9174-9cac75f0564a","RES0805",".\SCHLIB\PASSIVES.SCHLIB","","","","","RC0805FR-0710KL","R459","","","","","","0805","10K","","","","",""
"d5e83846-2879-42fa-ae0c-ff0cbd0e123e","RES0603",".\SCHLIB\PASSIVES.SCHLIB","","","","KYOCERA","CR10-330J","R477","","","","","","0603","33R","","","","5%",""
"f29a738d-6bf5-4207-826b-312f6353a3d0","RES0603",".\SCHLIB\PASSIVES.SCHLIB","","","","KOA","RK73B1JLTD331J","R464","","","","","","0603","330R","","","","5%",""
"c6c14bdc-92d4-44e6-bad1-e7b2feb73675","RES0805",".\SCHLIB\PASSIVES.SCHLIB","","","","KOA","RK73B2ALTD331J","R460","","","","","","0805","330R","","","","5%",""
"4a275e2e-0e95-43ce-bea1-5807d381305b","RES0603",".\SCHLIB\PASSIVES.SCHLIB","","","","PANASONIC","ERJ3EKF1502V","R461","","","","","","0603","15K","","","","1%",""
"7c89f947-aef4-49e8-8ec3-e079d21afb89","RES0603",".\SCHLIB\PASSIVES.SCHLIB","","","","PHYCOMP","RC0603FR073K32L","R479","","","","","","0603","3K32","","","","",""
"394a0928-152b-4bbe-be10-5b5ae786d59b","RES0603",".\SCHLIB\PASSIVES.SCHLIB","","","","KOA","RM73B1JT103J","R476","","","","","","0603","10K","","","","",""
"5db05b3a-2a39-4c34-a790-aa9a3ff5986b","",".\SCHLIB\PASSIVES.SCHLIB","","","","KOA","RK73B2ALTD101J","R475","","","","","","","100R","","","","",""
"6cdd2443-4931-4fda-a522-bb41c5c2a588","",".\SCHLIB\PASSIVES.SCHLIB","","","","WALSIN","WA06X103JT","R472, R480","","","","","","","10KX4","","","","",""
"1d867d73-4b6a-4315-82f7-c8ac895c89a8","",".\SCHLIB\PASSIVES.SCHLIB","","","","WALSIN","WA06X102JT","R478, R474","","","","","","","1KX4","","","","",""
"27cfd44d-21ec-4281-97f8-5006e09526e3","",".\SCHLIB\PASSIVES.SCHLIB","","","","YAGEO","RC0603FR-0720KL","R469","","","","","","","20K","","","","",""
"e915132a-bdbd-40e2-95fd-9895b1a9e125","","","","","","KOA","RK73B1JLTD103J","R423","","","","","","","10K","","","","",""
"ee24d752-1133-4bdb-9edb-54f5619e2f0f","","","","","","PANASONIC","ERJ-6ENF1501V","R422","","","","","","","1K5","","","","1%",""
"f1540fe1-49d9-4dde-ae22-66ac8131cdb3","","","","","","KYOCERA","CR10-102J-T","R426","","","","","","","","","","","",""
"bda7e7f1-af7a-4765-afe4-b8d5d65f8578","","","","","","KOA","RK73B1JLTD271J","R427","","","","","","","270R","","","","",""
"531ddb21-6b0c-4685-9a96-715ffe3754fd","","","","","","KOA","RK73B1JLTD101","R424","","","","","","","100R","","","","",""
"7f23b824-fdbc-4d2d-9cbd-d79ad4e869ba","","","","","","KOA","RK73B2ALTD101J","R425","","","","","","","100R","","","","",""
"7ec16e76-951f-4ad0-8999-9c9c8b5e71fd","","","","","","TD-OHM","CY16-2-222JM","R428","","","","","","","2K2","","","","",""
"b7171f2f-c933-4249-940e-bcec4e05c3f5","","","","","","","NRJ06J361TRF","R417","","","","","","","360R","","","","5%",""
"aa3c96f5-d332-4048-8852-55a9bb310e23","","","","","","KOA","RK73H2ATTD1210F","R421","","","","","","","121R","","","","",""
"dc960bb5-bbde-438c-a851-a43c24f25986","","","","","ARRAY 4 X 10K","PANASONIC","","R404, R393","","","","","","1206","10K ARRAY","","","","",""
"0de682ee-de42-458e-aa90-9d7c32e6caea","","","","","ARRAY 4 X 4K7","PANASONIC","","R397","","","","","","1206","4K7 ARRAY","","","","",""
"b8dd5249-6388-41d8-9795-d80a3e82bb9f","","","","","ARRAY 4 X 47R","PANASONIC","","R385","","","","","","1206","47R ARRAY","","","","",""
"6775115b-aeb4-4b86-a7b5-3c9feea6f72e","","","","","","","","R390","","","","","","0805","47R","","","","",""
"fcd9a4c5-9aaa-4f81-b756-f49aabf84d12","","","","","","","","R389","","","","","","0805","3K3","","","","",""
"cea9b02f-aa1c-4545-9dc0-c17fb1bb533e","","","","","","","","R400","","","","","","0805","1K4","","","","",""
"5785afbe-4523-4431-aa76-9190da9ade06","","","","","","","","R388","","","","","","0805","10K","","","","",""
"cec01c8b-0aaf-40be-85d6-26c73635e8a4","","","","","","","","","","","","","","","10R","","","","",""
"25139160-976d-491e-9749-e2618ddc88ae","","","","","","","","","","","","","","","11R","","","","",""
"81ecefba-7b55-4ccc-b2c7-0a16d0902b7a","","","","","","","","","","","","","","","12R","","","","",""
"a2b2458f-9b84-43f6-8935-dadc6b4f2466","","","","","","","","","","","","","","","13R","","","","",""
"f8fd46fc-3351-422e-8912-1e39e710dd74","","","","","","","","","","","","","","","15R","","","","",""
"df7f5ae0-018e-439e-b3bf-66eda549c498","","","","","","","","","","","","","","","16R","","","","",""
"51cbbdc6-f125-4347-99fb-529b9a255da6","","","","","","","","","","","","","","","18R","","","","",""
"19cbb48f-92c7-4fcd-808f-2dd1080e9794","","","","","","","","","","","","","","","20R","","","","",""
"d1c1065c-6d38-41c3-8765-f300ea5dc1df","","","","","","","","A1469","","","","","","TH","22R","","","FILM","1%","2W"
"e01fc0bb-de4a-4027-b2a2-9611d929d01f","","","","","","","","","","","","","","","24R","","","","",""
"89a214f0-e766-4e92-a4b6-9ff200cabddd","","","","","","","","","","","","","","","27R","","","","",""
"d7413ef9-6f68-4784-9fb8-7a7804dcca61","","","","","","","","","","","","","","","30R","","","","",""
"d65e3caf-218f-4c57-b542-ce809b77c049","","","","","","","","","","","","","","","33R","","","","",""
"c1da080f-68bf-41c1-b58b-84b8a01380bd","","","","","","","","","","","","","","","36R","","","","",""
"9705f03f-c30c-4f5a-8f6f-7dfee9d132b5","","","","","","","","","","","","","","","39R","","","","",""
"12ea772b-951d-43d6-996b-f9bb29823543","","","","","","","","","","","","","","","43R","","","","",""
"0e54ced7-5324-41c5-afd1-7445cd70535f","","","","","","","","","","","","","","","47R","","","","",""
"09775b1c-f9b2-40ae-82d9-edc167d9d424","","","","","","","","A1472","","","","","","TH","51R","","","FILM","1%","2W"
"1fa3af8e-088e-428e-899f-7be4080fc5c8","","","","","","","","","","","","","","","56R","","","","",""
"44b8f96c-f7ee-4c81-9ac0-0d8579d39515","","","","","","","","","","","","","","","62R","","","","",""
"8173f3e0-ac5a-4a9b-be80-8cf599aa088a","","","","","","","","","","","","","","","68R","","","","",""
"9e37984b-7081-43ee-a48f-cc0b07f6264a","","","","","","","","","","","","","","","75R","","","","",""
"9dba9ac2-1500-4152-8f98-2ac4aa3ba9e1","","","","","","","","","","","","","","","82R","","","","",""
"b7deb542-d194-4ab5-bacf-9fccf1c4f466","","","","","","","","","","","","","","","91R","","","","",""
"ce178b0a-ef2d-4b90-9ab5-9658a47f5a19","","","","","","","","","","","","","","","100R","","","","","2W"
"168b2d50-1cf9-49c6-9902-8fff92d97db5","","","","","","","","","","","","","","","110R","","","","",""
"7e511bcf-e7f0-4baf-b26f-4bd277a47195","","","","","","","","","","","","","","","120R","","","","",""
"0c35f916-335b-4079-8c3c-4b56ff5767a9","","","","","","","","","","","","","","","130R","","","","",""
"36d5e069-32d2-4d60-b56a-5dc272f533c0","","","","","","","","","","","","","","","150R","","","","",""
"79b2bb95-438b-42d4-912a-02acd219186a","","","","","","","","","","","","","","","160R","","","","",""
"78e1331c-c718-478f-a4b7-0851f76bc240","","","","","","","","","","","","","","","180R","","","","",""
"9a02a249-668a-4134-8851-351403d3e719","","","","","","","","","","","","","","","200R","","","","",""
"fade5080-b153-472f-8c35-9db39d68dba8","","","","","","","","","","","","","","","220R","","","","",""
"2e73259e-1582-4033-9f9f-9c1c0a774bbd","","","","","","","","","","","","","","","240R","","","","",""
"592d1094-d7c2-475d-85e0-690d97ca547f","","","","","","","","","","","","","","","270R","","","","",""
"df2d63e1-4458-4de9-a63d-711c0489c258","","","","","","","","","","","","","","","300R","","","","",""
"cef44fdb-d6b2-4876-a2c0-077dbf1e37cd","","","","","","","","","","","","","","","330R","","","","",""
"8bf22821-93f3-4d08-aa94-8bd8b28c5907","","","","","","","","","","","","","","","360R","","","","",""
"9ead9ce9-f0fb-4c35-8b83-3f1e7f743d02","","","","","","","","","","","","","","","390R","","","","",""
"1eead209-c08a-42c4-97b7-6f12a12ba936","","","","","","","","","","","","","","","430R","","","","",""
"c0379f6a-2e11-4cbc-9fab-37c0c068cc15","","","","","","","","","","","","","","","470R","","","","",""
"5c1ae4a4-a75a-452e-95fa-4e77354bcd3c","","","","","","","","","","","","","","","510R","","","","",""
"6da8a1ca-969a-486f-b6cf-0483bcc4295e","","","","","","","","","","","","","","","560R","","","","",""
"fd0a0f4d-5090-48b5-b0f2-38e5fbd0f320","","","","","","","","","","","","","","","620R","","","","",""
"373bf2b6-ac02-4a03-b4e7-ca15501c10dc","","","","","","","","","","","","","","","680R","","","","",""
"e362e43a-9390-4e2d-b7fe-c3f4a663bafc","","","","","","","","","","","","","","","750R","","","","",""
"59050dbd-1429-48a7-a354-bceee38e9eb9","","","","","","","","","","","","","","","820R","","","","",""
"990dc08b-3a75-492c-abd0-86ce3072344e","","","","","","","","","","","","","","","910R","","","","",""
"21a97468-baab-4e1b-86a7-06a042ece4a8","","","","","","","","A1467","","","","","","TH","1K","","","FILM","1%","2W"
"4dbca57e-0d73-4f01-abdf-416a4242f01c","","","","","","","","","","","","","","","1K1","","","","",""
"4642a0be-d84d-48d4-9e33-172bcc5f36a5","","","","","","","","","","","","","","","1K2","","","","",""
"90023b62-b91f-4bfe-8b71-2f1212f62dac","","","","","","","","","","","","","","","1K3","","","","",""
"cf354863-a707-41b9-8016-35649cf77d8c","","","","","","","","","","","","","","","1K5","","","","",""
"88117b3e-73a5-4a75-b67f-2e0228967fc3","","","","","","","","","","","","","","","1K6","","","","",""
"f52d528b-1582-4bc0-b9a8-62849786da19","","","","","","","","","","","","","","","1K8","","","","",""
"b832e234-4f60-4da8-81e3-0d86b7eff05c","","","","","","","","","","","","","","","2K","","","","",""
"1862e0af-7e7d-4212-954e-1ce73b7bff6d","","","","","","","","","","","","","","","2K2","","","","",""
"c371cc34-e852-450b-9bf1-a757bdd467f5","","","","","","","","","","","","","","","2K4","","","","",""
"2fbd61c5-6cc9-4251-aa74-7505b5ad1c81","","","","","","","","","","","","","","","2K7","","","","",""
"8c1ffeaa-f603-4ad4-beae-c437c8377d91","","","","","","","","","","","","","","","3K","","","","",""
"2cddca7a-668d-490e-9d1f-73816b8bf173","","","","","","","","","","","","","","","3K3","","","","",""
"c96f67d5-9bca-4451-b0e6-2ee4a0568108","","","","","","","","","","","","","","","3K6","","","","",""
"4a83654f-00f2-4909-b032-8d2ccb78b7e4","","","","","","","","","","","","","","","3K9","","","","",""
"8aca5b8c-bf38-4f8c-9182-a59199a59f4e","","","","","","","","","","","","","","","4K3","","","","",""
"3458cae6-9646-4476-87dd-aa5e8314310b","","","","","","","","","","","","","","","4K7","","","","",""
"64c4ef33-da46-4745-a127-e2409dd0f2bb","","","","","","","","","","","","","","","5K1","","","","",""
"6a32c2a2-1cd2-4a58-94dd-01445df0d289","","","","","","","","","","","","","","","5K6","","","","",""
"f90b010a-ab62-464c-9419-16816ae1f35a","","","","","","","","","","","","","","","6K2","","","","",""
"9e4bb273-d9ba-493f-a730-67677e1de2eb","","","","","","","","","","","","","","","6K8","","","","",""
"d9819322-d7de-4ea1-bf7d-e068543ab0b1","","","","","","","","","","","","","","","7K5","","","","",""
"60575912-4368-4f6f-b1f9-ae4cfddcd777","","","","","","","","","","","","","","","8K2","","","","",""
"243464cc-79c2-45bf-8222-8361e3658ce4","","","","","","","","","","","","","","","9K1","","","","",""
"1bddcf1c-f123-41a4-9e43-16e80dbab555","","","","","","","","","","","","","","","10K","","","","",""
"8333d652-e6d2-47ab-a8e8-994c29d80778","","","","","","","","","","","","","","","11K","","","","",""
"01b6fe4b-feb7-4334-8f83-0f9da1240d04","","","","","","","","","","","","","","","12K","","","","",""
"6331a068-6f3a-4d67-b8ca-6f9f07323a65","","","","","","","","","","","","","","","13K","","","","",""
"811c8a78-560b-4b60-819d-6a804fa62f76","","","","","","","","","","","","","","","15K","","","","",""
"d9885dc2-4981-4cff-87b3-154d1e4a99c8","","","","","","","","","","","","","","","16K","","","","",""
"8cc4e888-8854-4820-81ce-78ce80b14e40","","","","","","","","","","","","","","","18K","","","","",""
"07f1ea34-619f-4b6a-b6bd-71253c424891","","","","","","","","","","","","","","","20K","","","","",""
"42a51fe2-4735-4aee-9ede-333c67bb3600","","","","","","","","","","","","","","","22K","","","","",""
"37b70b27-1160-471e-b525-1c043de92d30","","","","","","","","","","","","","","","24K","","","","",""
"ee799290-4e66-4f39-b3a0-c33403a3a35c","","","","","","","","","","","","","","","27K","","","","",""
"fa9037aa-494a-466e-8b4e-5994b9049192","","","","","","","","","","","","","","","30K","","","","",""
"b23644f1-d483-4ff7-8ea4-70311db85e0f","","","","","","","","","","","","","","","33K","","","","",""
"9d8c6cf8-bcc5-423d-8e55-ca17b0a73788","","","","","","","","","","","","","","","36K","","","","",""
"5bed2ba9-67d4-46b9-9741-ae94b8902fac","","","","","","","","","","","","","","","39K","","","","",""
"9c3b4fd1-cfd6-4f3a-a29a-aa5b96a2bd28","","","","","","","","","","","","","","","43K","","","","",""
"f5f0c872-0938-4275-a733-5c4198a8aa1f","","","","","","","","","","","","","","","47K","","","","",""
"98a06e3f-5d3e-486c-be50-9709c6a4946e","","","","","","","","","","","","","","","51K","","","","",""
"1644585d-f0db-4482-817a-f895c4ac52b1","","","","","","","","","","","","","","","56K","","","","",""
"e40e04b4-d4c9-4fb7-8ce0-bc900f2fb032","","","","","","","","A1476","","","","","","TH","62K","","","FILM","1%","2W"
"c9a66ba9-3177-4d9f-912d-87f8a43c9c23","","","","","","","","","","","","","","","68K","","","","",""
"3a95cb8c-703d-4cae-b097-9c26f703544a","","","","","","","","","","","","","","","75K","","","","",""
"65a47307-baba-4b6e-b96f-4b1b4bcab8c7","","","","","","","","A1475","","","","","","TH","82K","","","FILM","1%","2W"
"82be060d-2cdf-423a-bbc5-180c07eb621b","","","","","","","","","","","","","","","91K","","","","",""
"4c71dc0f-9faf-47a8-a225-5faacc4cf77a","","","","","","","","","","","","","","","100K","","","","",""
"aede74c7-7618-4f07-a078-861b60fdc553","","","","","","","","","","","","","","","110K","","","","",""
"38b4bc70-df54-4780-b1b0-b8e27106865c","","","","","","","","","","","","","","","120K","","","","",""
"5a5cd94f-3cac-4cba-a037-f2bdafd30631","","","","","","","","","","","","","","","130K","","","","",""
"7173582b-66ce-4ad3-ade5-831cc850ea2e","","","","","","","","","","","","","","","150K","","","","",""
"5ac69ad7-7109-4eda-b5d6-4994ee6bb9d7","","","","","","","","","","","","","","","160K","","","","",""
"28c75a4e-51c7-41b3-a0b8-2a3b0fed058f","","","","","","","","A1480","","","","","","TH","180K","","","FILM","1%","2W"
"9a5b237b-930e-40b0-83e1-8b4b5aeae388","","","","","","","","A1468","","","","","","TH","200K","","","FILM","1%","2W"
"1509f37d-0b41-4df0-b163-793f21311aff","","","","","","","","A1478","","","","","","TH","220K","","","FILM","1%","2W"
"5b889e4f-0c3c-476f-8b21-7ef03be8078f","","","","","","","","A1474","","","","","","TH","240K","","","FILM","1%","2W"
"710a43e2-5bd5-4a26-bb88-f6e24c9f666b","","","","","","","","","","","","","","","270K","","","","",""
"600560c2-b9e8-4b7b-be88-bda7fcd8aa74","","","","","","","","","","","","","","","300K","","","","",""
"19c9078f-4d5d-4ccc-9a14-304bbf09e76f","","","","","","","","A1473","","","","","","TH","330K","","","FILM","1%","2W"
"966e39e9-5756-4d4e-840b-354ed69e05eb","","","","","","","","","","","","","","","360K","","","","",""
"8c597400-0731-44bc-b8e9-5be34d532661","","","","","","","","","","","","","","","390K","","","","",""
"268b9e5a-0144-481f-8974-9a0baa5396e5","","","","","","","","","","","","","","","430K","","","","",""
"4e4e6e48-fc92-4f0e-8356-b69d94316087","","","","","","","","","","","","","","","470K","","","","",""
"a61bb39e-544c-4c74-b69a-72175f8fa35c","","","","","","","","A1470","","","","","","TH","510K","","","FILM","1%","2W"
"8db22495-7d05-424a-bcf0-08f8ed4a7b8b","","","","","","","","A1479","","","","","","TH","560K","","","FILM","1%","2W"
"73600c72-b8f0-457f-b360-d1ce06a79d33","","","","","","","","","","","","","","","620K","","","","",""
"a6fc79c4-c042-4e0b-a0e3-841ac53102dd","","","","","","","","A1477","","","","","","TH","680K","","","FILM","1%","2W"
"d88d2df2-febb-4080-8a07-bab95d8e3935","","","","","","","","","","","","","","","750K","","","","",""
"f61029de-d508-4e07-9df9-a0ebcb8c4d21","","","","","","","","","","","","","","","820K","","","","",""
"f66f6bfc-ffc4-4d2c-a9f1-68411bce42ed","","","","","","","","","","","","","","","910K","","","","",""
"5a1bef8d-6297-409a-83bc-fd984ceb14de","","","","","","","","A1471","","","","","","TH","1M","","","FILM","1%","2W"
"a25de583-189b-4e7a-b5e6-1dde10799974","","","","","","","","","","","","","","","1M1","","","","",""
"a5ec414f-45e8-4158-8ec3-1a874215a9ca","","","","","","","","","","","","","","","1M2","","","","",""
"9773ec30-d435-42d0-84eb-5310ffe1bdb7","","","","","","","","","","","","","","","1M3","","","","",""
"ebaaeabc-105e-49f6-8998-9493eaaf6d84","","","","","","","","","","","","","","","1M5","","","","",""
"6e26fa63-3c68-4a7b-9bdc-b8c3728e9c94","","","","","","","","","","","","","","","1M6","","","","",""
"cb511265-35c8-4bbf-8aa5-0902a5fee9ea","","","","","","","","","","","","","","","1M8","","","","",""
"6611ebad-c98b-4ac9-8fc1-b359ca777075","","","","","","","","","","","","","","","2M","","","","",""
"80f5ca91-bc7c-4743-ab78-f28faf956043","","","","","","","","","","","","","","","2M2","","","","",""
"41b74f02-84c3-49c9-acdb-41f1ccff1191","","","","","","","","","","","","","","","2M4","","","","",""
"2ef62ca6-03cc-428d-a644-f5024bbe3545","","","","","","","","","","","","","","","2M7","","","","",""
"f856f6e3-8ddd-4596-9951-d8cfed2eced5","","","","","","","","","","","","","","","3M","","","","",""
"c9bbf887-5af4-471e-8a85-3f3479a086b1","","","","","","","","","","","","","","","3M3","","","","",""
"064528da-fe95-45c8-9cba-814147acaeec","","","","","","","","","","","","","","","3M6","","","","",""
"b057712d-5023-45c6-9060-67c67b98b4f8","","","","","","","","","","","","","","","3M9","","","","",""
"bb8e4b08-9134-4f22-9ab8-c00d67383811","","","","","","","","","","","","","","","4M3","","","","",""
"4cdf0536-645e-4b69-8e58-19d29646e6b9","","","","","","","","","","","","","","","4M7","","","","",""
"16bbc4e3-dac5-4903-b7cf-5191b36273f6","","","","","","","","","","","","","","","5M1","","","","",""
"6e0211af-7c4e-4c6e-9194-008638a4c49a","","","","","","","","","","","","","","","5M6","","","","",""
"dd9e1cdf-ec47-45d0-bc79-93cae1e9b510","","","","","","","","","","","","","","","6M2","","","","",""
"a8631856-6403-4d31-85d6-cb27416023ef","","","","","","","","","","","","","","","6M8","","","","",""
"7a025b1d-d137-4f7f-90cb-a23d1ab05cec","","","","","","","","","","","","","","","7M5","","","","",""
"eb2fe082-0509-4655-a028-064cf09674cd","","","","","","","","","","","","","","","8M2","","","","",""
"9c5c03fc-fcf5-46f6-84b7-7216a14a7a3a","","","","","","","","","","","","","","","9M1","","","","",""
"0e3eceb7-e4b1-4b49-89b1-4dc3bb306d1d","","","","","","","","","","","","","","","10M","","","","",""
"5bc0cc85-0aa2-4d20-8a5f-d3abd497dd4e","RESFILM",".\SCHLIB\PASSIVES.SCHLIB","RESTH025","","RES, TH, 100K, 0.1%, 1/4W, METALFILM","","","A0080","","","","","","TH","100K","","","METALFILM","0.1%","1/4W"
"d70d3ba6-4504-49b1-bd0a-e8ab1377156c","RESFILM",".\SCHLIB\PASSIVES.SCHLIB","RESTH025","","RES, TH, 1K, 0.1%, 1/4W, METALFILM","","","A0081","","","","","","TH","1K","","","METALFILM","0.1%","1/4W"
"9c1d9bc6-8b27-47ee-a81b-c9ef0689cb2c","RESFILM",".\SCHLIB\PASSIVES.SCHLIB","RESTH025","","RES, TH, 10M, 0.1%, 1/4W, METALFILM","","","A0082","","","","","","TH","10M","","","METALFILM","0.1%","1/4W"
"7120dc52-dac5-4682-9165-2cd053b291e3","RESFILM",".\SCHLIB\PASSIVES.SCHLIB","RESTH025","","RES, TH, 200K, 0.1%, 1/4W, METALFILM","","","A0083","","","","","","TH","200K","","","METALFILM","0.1%","1/4W"
"2661109a-abfa-4bcd-aad1-96d34fb191ce","RESFILM",".\SCHLIB\PASSIVES.SCHLIB","RESTH025","","RES, TH, 10K, 0.1%, 1/4W, METALFILM","","","A0084","","","","","","TH","10K","","","METALFILM","0.1%","1/4W"
"a4b28d62-ff28-4e02-b826-5c9b23fbc81f","RESFILM",".\SCHLIB\PASSIVES.SCHLIB","RESTH025","","RES, TH, 5M, 0.1%, 1/4W, METALFILM","","","A0085","","","","","","TH","5M","","","METALFILM","0.1%","1/4W"
"f03b9e2f-8456-4db0-881b-6e4ade8b7791","RESFILM",".\SCHLIB\PASSIVES.SCHLIB","RESTH025","","RES, TH, 20K, 0.1%, 1/4W, METALFILM","","","A0086, A0142","","","","","","TH","20K","","","METALFILM","0.1%","1/4W"
"610c8c32-fe11-412b-91b8-1dcf36223bd4","RESFILM",".\SCHLIB\PASSIVES.SCHLIB","RESTH025","","RES, TH, 500K, 0.1%, 1/4W, METALFILM","","","A0087","","","","","","TH","500K","","","METALFILM","0.1%","1/4W"
"15feba7f-d42c-44e2-b430-7f69514bfc2e","RESFILM",".\SCHLIB\PASSIVES.SCHLIB","RESTH025","","RES, TH, 20R, 0.1%, 1/4W, METALFILM","","","A0088","","","","","","TH","20R","","","METALFILM","0.1%","1/4W"
"e22e4755-7b71-4c64-9b07-e0e94329057a","RESFILM",".\SCHLIB\PASSIVES.SCHLIB","RESTH025","","RES, TH, 1M, 0.1%, 1/4W, METALFILM","","","A0089","","","","","","TH","1M","","","METALFILM","0.1%","1/4W"
"c617b7ea-7022-41dc-b05c-e3e39e55eb5a","RESFILM",".\SCHLIB\PASSIVES.SCHLIB","RESTH025","","RES, TH, 2K, 0.1%, 1/4W, METALFILM","","","A0090, A0153","","","","","","TH","2K","","","METALFILM","0.1%","1/4W"
"d9c73209-a4c9-4d37-9235-9dd67ce257d0","RESFILM",".\SCHLIB\PASSIVES.SCHLIB","RESTH025","","RES, TH, 200R, 0.1%, 1/4W, METALFILM","","","A0091","","","","","","TH","200R","","","METALFILM","0.1%","1/4W"
"9d8da7e9-6d65-409b-84e8-939e7955cd91","RESFILM",".\SCHLIB\PASSIVES.SCHLIB","RESTH025","","RES, TH, 2R2, 0.1%, 1/4W, METALFILM","","","A0092","","","","","","TH","2R2","","","METALFILM","0.1%","1/4W"
"f05a4288-22f9-4911-a372-7ef319ea4672","RESWW","","","","","","","A0152","","","","","","TH","330R","","","WIREWOUND","5%","3W"
"a0c8ad5e-bee5-418a-8dd8-e5ee37995da8","RESWW","","","","","","","A0143","","","","","","TH","1K","","","WIREWOUND","1%","3W"
"204005b3-52b2-4634-8340-42e67f7e2435","","","","","","BOURNS","PWR220T-20-R750F","A0156","","","","","","TO220-2","0R75","","","CERAMIC","1%","20W"
"23acf074-7fb0-4931-b102-29e0cf7dea83","","","","","","","RX70-025W-1K","A0075","","","","","","","1K","","","FOIL","0.01%","1/4W"
"129d362b-66c6-4d33-b627-9b5c7662e196","","","","","","","RX70-025W-10K","A0076","","","","","","","10K","","","FOIL","0.01%","1/4W"
"eb1896d1-325b-46a3-9fd8-4787f9809420","","","","","","","PWR220T-20-R100F","A0012","","","","","","TO220","0R100","","","CERAMIC","1%","20W"
"6e40a813-ddf7-464c-8567-398b9b876cc4","","","","","","BOURNS","3262-5K","A0002","","","","","","3262","5K","","","TRIMMER-MT","",""
"eb6eaaf9-9430-4f21-8dd7-0f3f7792d87b","","","","","","BOURNS","3262X-1-502","A0111, A112, A0113, A0115, A0117, A0120, A0121, A0118, A0114, A0122","","","","","","3262","5K","","","TRIMMER-MT","",""
"dfba28e9-cc9c-45f6-bcc2-d70cc2d6c5ba","","","","","","","3323","A0061","","","","","","500R","500R","","","TRIMMER-ST","",""
"bdd51436-3b4e-4bc8-90e6-bdf57673168d","","","","","","BAOTER","3296W-202","A0123","","","","","","3296","2K","","","TRIMMER-MT","",""
"61a96f00-a741-4f3a-9856-a39b4d229611","","","","","","","3296W-503","A0124","","","","","","3296","50K","","","TRIMMER-MT","",""
"10760ee5-e789-4650-9ca5-a72b10a35823","","","","","","","3296W-203","A0125","","","","","","3296","20K","","","TRIMMER-MT","",""
"d0da23ea-7caf-412e-bd40-6ea31e8fd792","","","","","","","3296W-103","A0126","","","","","","3296","10K","","","TRIMMER-MT","",""
"61857619-e253-4334-ac6d-a683db5fb711","RESWW",".\SCHLIB\PASSIVES.SCHLIB","","","RES, CHASSIS MOUNT, 0R1, 1%, 10W, WIREWOUND","DALE","RH-10 0R1","A0101","","","","","","","0R1","","","","1%","10W"
"ed807d20-5a7f-4d61-adb6-52028b59da7d","RESWW",".\SCHLIB\PASSIVES.SCHLIB","","","RES, CHASSIS MOUNT, 10R, 5%, 25W, WIREWOUND","ATE ELECTRONICS","RB25","A0102","","","","","","","10R","","","","5%","25W"
"906b3552-a6bc-43d2-b14e-5c962d1cc593","RESWW",".\SCHLIB\PASSIVES.SCHLIB","","","RES, TH, 5R7, 5%, 5W, WIREWOUND","VITROHM","KH208-8","A0103","","","","","","","4R7","","","","5%","5W"
"2ad23a6f-2af5-4c40-a559-8c71d1e62137","RESWW",".\SCHLIB\PASSIVES.SCHLIB","","","RES, TH, 0R47, 10%, 5W, WIREWOUND","VISHAY","","A0105","","","","","","","0R47","","","","10%","5W"
"6e208bc1-6fa4-474e-a73b-7bb7f9714cae","RESWW",".\SCHLIB\PASSIVES.SCHLIB","","","RES. TH, 47R, 5%, 3W, WIREWOUND","VISHAY","","A0107","","","","","","","47R","","","","5%","3W"
"e8ac7bea-644c-428b-9cfc-307a12d9bf2b","RESWW",".\SCHLIB\PASSIVES.SCHLIB","","","RES, TH, 2R2, 10%, 3W, WIREWOUND","VISHAY","","A0108","","","","","","","2R2","","","","10%","3W"
"4648b78b-abd3-4c87-97cf-448cfa8b1918","RES",".\SCHLIB\PASSIVES.SCHLIB","RESTH025","","RES, TH, 47R, 5%, 1/4W, CARBON FILM","JAMEPRO","","A0197","","","","","*","TH","47R","","","CARBON","5%","1/4W"
"d56df4e2-d7c2-4390-9687-d7c9b9da4951","RES",".\SCHLIB\PASSIVES.SCHLIB","RESTH025","","RES, TH, 1K, 5%, 1/4W, CARBON FILM","JAMEPRO","","A0213","","","","","*","TH","1K","","","CARBON","5%","1/4W"
"3afb6363-d455-48b3-9016-85adb096b308","RES",".\SCHLIB\PASSIVES.SCHLIB","RESTH025","","RES, TH, 100K, 5%, 1/4W, CARBON FILM","JAMEPRO","","A0248","","","","","*","TH","100K","","","CARBON","5%","1/4W"
"f17bbd2d-9aef-4ee2-9549-ec4bb70ed5fa","RES",".\SCHLIB\PASSIVES.SCHLIB","RESTH025","","RES, TH, 5K1, 5%, 1/4W, CARBON FILM","JAMEPRO","","A0236","","","","","*","TH","5K1","","","CARBON","5%","1/4W"
"ea02df36-ae54-499a-b54a-0a48bcfcab66","RES",".\SCHLIB\PASSIVES.SCHLIB","RESTH025","","RES, TH, 4K7, 5%, 1/4W, CARBON FILM","JAMEPRO","","A0221","","","","","*","TH","4K7","","","CARBON","5%","1/4W"
"85ba2217-b6de-41f9-a238-c8b0d2077365","RES",".\SCHLIB\PASSIVES.SCHLIB","RESTH025","","RES, TH, 680R, 5%, 1/4W, CARBON FILM","JAMEPRO","","A0184","","","","","*","TH","680R","","","CARBON","5%","1/4W"
"958146a0-eb6c-447c-947c-6b73f57c812a","RES",".\SCHLIB\PASSIVES.SCHLIB","RESTH025","","RES, TH, 470R, 5%, 1/4W, CARBON FILM","JAMEPRO","","A0254","","","","","*","TH","470R","","","CARBON","5%","1/4W"
"3c14b378-9dc0-4dcd-9479-0dae9c975e89","RES",".\SCHLIB\PASSIVES.SCHLIB","RESTH025","","RES, TH, 2K7, 5%, 1/4W, CARBON FILM","JAMEPRO","","A0227","","","","","*","TH","2K7","","","CARBON","5%","1/4W"
"f399d935-435c-4b5f-9e64-4058c4c941a5","RES",".\SCHLIB\PASSIVES.SCHLIB","RESTH025","","RES, TH, 10K, 5%, 1/4W, CARBON FILM","JAMEPRO","","A0214","","","","","*","TH","10K","","","CARBON","5%","1/4W"
"5db90b8e-bb5e-47e5-89f5-c6d48a4ae620","RES",".\SCHLIB\PASSIVES.SCHLIB","RESTH025","","RES, TH, 1M, 5%, 1/4W, CARBON FILM","JAMEPRO","","A0240","","","","","*","TH","1M","","","CARBON","5%","1/4W"
"b6796e67-3f8d-4c39-bbed-7fccdcfdcce9","RES",".\SCHLIB\PASSIVES.SCHLIB","RESTH025","","RES,TH,22K,5%,1/4W,CARBONFILM","JAMEPRO","","A0250","","","","","*","TH","22K","","","CARBON","5%","1/4W"
"43147da7-1313-4626-a0f0-104bed5acb32","RES",".\SCHLIB\PASSIVES.SCHLIB","RESTH025","","RES,TH,2K,5%,1/4W,CARBONFILM","JAMEPRO","","A0232","","","","","*","TH","2K","","","CARBON","5%","1/4W"
"ee740961-86e5-4473-a345-7ba2773cf93b","RES",".\SCHLIB\PASSIVES.SCHLIB","RESTH025","","RES, TH, 150R, 5%, 1/4W, CARBON FILM","JAMEPRO","","A0189","","","","","*","TH","150R","","","CARBON","5%","1/4W"
"cfc3109d-82f0-4372-80f0-aeccc0185aa0","RES",".\SCHLIB\PASSIVES.SCHLIB","RESTH025","","RES, TH, 470K, 5%, 1/4W, CARBON FILM","JAMEPRO","","A0241","","","","","*","TH","470K","","","CARBON","5%","1/4W"
"13a32e38-6c9f-4a83-9922-5b6f3331cdee","RES",".\SCHLIB\PASSIVES.SCHLIB","RESTH025","","RES, TH, 220R, 5%, 1/4W, CARBON FILM","JAMEPRO","","A0194","","","","","*","TH","220R","","","CARBON","5%","1/4W"
"b972e916-eaf5-4870-8b1a-4eff01d0a24b","RES",".\SCHLIB\PASSIVES.SCHLIB","RESTH025","","RES, TH, 270R, 5%, 1/4W, CARBON FILM","JAMEPRO","","A0192","","","","","*","TH","270R","","","CARBON","5%","1/4W"
"1d8b2412-e875-4bca-89a8-498497f7fd0f","RES",".\SCHLIB\PASSIVES.SCHLIB","RESTH025","","RES, TH, 33K, 5%, 1/4W, CARBON FILM","JAMEPRO","","A0251","","","","","*","TH","33K","","","CARBON","5%","1/4W"
"a40434b7-149e-499a-86b2-5aeb805b42fc","RES",".\SCHLIB\PASSIVES.SCHLIB","RESTH025","","RES, TH, 330R, 5%, 1/4W, CARBON FILM","JAMEPRO","","A0228","","","","","*","TH","330R","","","CARBON","5%","1/4W"
"84dc9f67-4531-4ffb-b19f-e0b96840845d","RES",".\SCHLIB\PASSIVES.SCHLIB","RESTH025","","RES, TH, 5K6, 5%, 1/4W, CARBON FILM","JAMEPRO","","A0234","","","","","*","TH","5K6","","","CARBON","5%","1/4W"
"78a9ec39-63f0-42c5-be14-ea24477a0dbc","RES",".\SCHLIB\PASSIVES.SCHLIB","RESTH025","","RES, TH, 10R, 5%, 1/4W, CARBON FILM","JAMEPRO","","A0196","","","","","*","TH","10R","","","CARBON","5%","1/4W"
"db94603d-ea92-497d-a7b9-ebac286b1861","RES",".\SCHLIB\PASSIVES.SCHLIB","RESTH025","","RES, TH, 47K, 5%, 1/4W, CARBON FILM","JAMEPRO","","A0191","","","","","*","TH","47K","","","CARBON","5%","1/4W"
"b360f68d-30ad-4001-914f-edd9eb48213e","RES",".\SCHLIB\PASSIVES.SCHLIB","RESTH025","","RES, TH, 2K2, 5%, 1/4W, CARBON FILM","JAMEPRO","","A0237","","","","","*","TH","2K2","","","CARBON","5%","1/4W"
"139efed4-44c7-4395-8401-5b74488c970f","RES",".\SCHLIB\PASSIVES.SCHLIB","RESTH025","","RES, TH, 1K5, 5%, 1/4W, CARBON FILM","JAMEPRO","","A0247","","","","","*","TH","1K5","","","CARBON","5%","1/4W"
"4ff907a2-9907-465d-a469-ff2f5168e41d","RES",".\SCHLIB\PASSIVES.SCHLIB","RESTH025","","RES, TH, 100R, 5%, 1/4W, CARBON FILM","JAMEPRO","","A0246","","","","","*","TH","100R","","","CARBON","5%","1/4W"
"0eaa2d18-ac9e-45bb-88e0-460292cc55a9","RES",".\SCHLIB\PASSIVES.SCHLIB","RESTH025","","RES, TH, 10M, 5%, 1/4W, CARBON FILM","JAMEPRO","","A0255","","","","","*","TH","10M","","","CARBON","5%","1/4W"
"bc7d7f06-87ad-4130-a109-e67db98ec91b","RES",".\SCHLIB\PASSIVES.SCHLIB","RESTH025","","RES, TH, 15K, 5%, 1/4W, CARBON FILM","JAMEPRO","","A0235","","","","","*","TH","15K","","","CARBON","5%","1/4W"
"4f1499fc-4428-465e-96cc-71ccb88418cd","RES",".\SCHLIB\PASSIVES.SCHLIB","RESTH1000P","","RES, TH, 3K3, 5%, 1/4W, CARBON FILM","JAMEPRO","","A0210","","","","","*","TH","3K3","","","CARBON","5%","1/4W"
"cb7dd361-c178-4475-a3ed-0452a4411368","","","","","","","","A0180","","","","","","TH","5K","","","","0.1%","1/4W"
"c11d462b-a37e-446b-b8ba-7d120538fcfb","","","","","","","","A0176","","","","","","TH","8K98","","","","0.1%","1/4W"
"b9aa011c-2b4f-49d4-bba1-ac3128694f7c","","","","","","","","A0208","","","","","","TH","8K87","","","","1%","1/4W"
"e2e41a73-c1ec-4e37-8917-258eb249fbf2","","","","","","","","A0206","","","","","","TH","191R","","","","1%","1/4W"
"84f994d0-428c-4d2c-82be-24394fe2c1f5","","","","","","","","A0220","","","","","","TH","88R7","","","","1%","1/4W"
"19f21058-0514-4d86-9d62-0b65075f1a5f","","","","","","CADDOCK","1787-31","A0157","","","","","","HYBRID","","","","","",""
"446e05e4-273e-4093-bde6-6d46a2a24d74","","","","","","CADDOCK","1776-241","A0193","","","","","","HYBRID","","","","","",""
"af3af4da-784b-432d-979f-7732348e3552","","","","","","CADDOCK","1776-C752","A0211","","","","","","HYBRID","","","","","",""
"bc9d1f41-df33-4f7a-89b6-e593df87c25f","","","","","","CADDOCK","1787-13","A0230","","","","","","HYBRID","","","","","",""
"0c4b255f-8702-4505-9f37-aa9568fc740c","","","","","","","89PR20KLF","A0187","","","","","","TRIM-HOR-LONG","20K","","","","",""
"d9a1664b-f8e1-4deb-9a08-42a7a7384d90","","","","","","BAOTER","3296-502","A0158","","","","","","TRIM-MT-VERT","5K","","","","",""
"238d6c50-a246-4238-bac3-1158840e701f","","","","","","RFERFE INTERNATIONAL RESISTORS","CR501/2-WJ","A0628","","","","","","RTH1/2WD","15R","","","","2%","1/2W"
"5e0b6d4a-22d5-4549-8a4a-71140491daef","","","","","","CADDOCK","SR10-1.00-1%","A0319","","","","","","HYBRID-4W","1R","","","","1%","1W"
"13028058-4200-4d4f-846b-f7bb89618de5","","","","","","CADDOCK","SR10-0.10-1%","A0321","","","","","","HYBRID-4W","0R1","","","","1%","1W"
"ca8d1b10-af5f-4fa6-b241-4735fe120f7d","","","","","","","89PR20LF","A0390","","","","","","TRIM","20R","","","","","3/4W"
"ce49d4b0-0cc0-4abb-8aa1-ff861cd753a6","","","","","","","89PR2KLF","A0389","","","","","","","2K","","","","",""
"fbcd9212-a7b0-4010-a004-84880bc49d48","","","","","","","89PR100LF","A0391","","","","","","","100R","","","","",""
"c399dd91-8bfb-4abc-8828-e155b38631af","","","","","","","MFR-25FRF52-887R","A0388","","","","","","TH","887R","","","","1%","1/4W"
"90867cfa-96ba-4828-b6e7-c5cc7134be74","","","","","","","MFR-25FBF52-88K7","A0326","","","","","","","88K7","","","","1%","1/4W"
"bdeb8afb-adcb-4051-9959-77049144a3be","","","","","","","MFR-25FTE52-887K","A0322","","","","","","","887K","","","","1%","1/4W"
"1cb422e6-c01b-4353-a598-2f988d15fbe5","","","","","","","MBA02040C2200FC100","A0200","","","","","","","220R","","","","1%","1/4W"
"508eb136-62e0-434c-973b-1d27ac5389d8","","","","","","","RNF14FAD100R","A0324","","","","","","","100R","","","","1%","1/4W"
"5210ec5e-8935-4b98-ae88-7fe6ebbbaed2","","","","","","AMETHERM","SL03 20001","A0286","","","","","","","20R","","","INRUSH","",""
"77a9e336-d0c5-4acb-aec6-5c78f7481e6d","","","","","","TEPRO","TG5 2700","A0278","","","","","","","2K7","","","","5%","5W"
"6eae24c9-9586-428f-b3b8-889f98753623","","","","","","","YR1B1MOCC","A0258","","","","","","","","","","","",""
"37f694a4-c895-4e0e-bf17-79238932c6b5","","","","","","","MF0204FTE52-1M5","A0287","","","","","","","","","","","",""
"58355083-3447-44b1-a65c-f428869aa47d","","","","","","","MF0207JT-52-0R1","A0288","","","","","","","","","","","",""
"07c23206-fd0f-443c-af81-b255e8e90b8c","","","","","","","SL05 60001","A0256","","","","","","","60R","","","INRUSH","",""
"51e0c30b-b14e-4c2c-b70a-735d0eaf57eb","","","","","","","RNC55J1113BSB14","A0257","","","","","","","","","","","",""
"8de93e5b-32b8-47c9-a705-d6141f08560a","","","","","","","SR3R1000FE6S","A0300","","","","","","","0R1","","","","1%",""
"d8e9a2b6-1527-4c08-b1d6-d0ffadde122b","","","","","","DALE","NS5 560R 5W","A0280","","","","","","","560R","","","","5%","5W"
"1ce0edb8-2863-4801-9802-25b7b1eaded8","","","","","","","BR3FBR100","A0296","","","","","","","0R1","","","","",""
"78a01a1d-59e8-4501-af9a-202391ce3979","","","","","","","RNF14BTE100K","A029","","","","","","","","","","","",""
"e508fd65-10a1-4fa1-a63c-0e0f74849655","","","","","","","OAR1R100FLF","A0299","","","","","","","0R1","","","","",""
"d85b88c1-1b10-497c-a8e6-8afeafc55373","","","","","","","MBB02070C1504FCT00","A0131","","","","","","","","","","METALFILM","",""
"ebb9066e-d70a-4a8c-93f8-fc3df7e1d6a3","","","","","","CADDOCK","1776-C68","A0136","","","","","","HYBRID","","","","HYBRID","",""
"4ac197a9-0f37-4672-b309-b1b28aea642f","","","RESTH2250P600D","","","","","A0661, A0686","","","","","","16.8MM","10R","","","CARBON","5%","3W"
"cbc45aeb-00d8-48a8-9a53-14214e0a48b1","","","RESTH2000P500D","","","","","A0684","","","","","","TH","1R","","","CARBON","5%","2W"
"393b3dee-8e0b-49ae-adb3-70c3a1311501","","","RESTH2000P500D","","","","","A0662","","","","","","TH","2R2","","","CARBON","5%","2W"
"d8cfd53d-789c-4933-936a-082432910619","","","","","","BOURNS","3262-5K","A0675","","","","","","","5K","","","TRIM","",""
"8d91294f-30f5-4397-aeb9-0ca5277b19eb","","","","","","DALE","CW-2B 1K","A0640","","","","","","","1K","","","","5%","3W"
"4d62e8c2-38be-4bce-a3b2-cc789dc6728a","","","","","","","PTV112-4420A-B503","A0689","","","","","","","50K","","","","",""
"8eefeb70-b1db-40c1-b4f9-bf12994f8001","","","","","","OHMITE","FC4L110R050FER","R615","","","","","","4320","0R050","","","4WIRE","",""
"adf4a6ab-2d12-4a5a-9a1b-45ea33fe9efb","","","","","","DALE","RS-5 150R 1%","A0648","","","","","","","150R","","","","1%","5W"
"d9e7cb1f-bcb7-4676-af59-be1fee67baa9","","","","","","","SXA0922-300-390R-5%","A0682","","","","","","","390R","","","","5%","4W"
"e6117b5d-01b3-40f3-82e6-c14bdaca9d60","","","","","","OHMITE","23J330","A0674","","","","","","","330R","","","","5%","3W"
"63fdfd35-f70e-496a-804d-b5293f701a3a","","","","","","DALE","RS2B-2-1%","A0679","","","","","","","0R2","","","","1%","3W"
"582c3ca6-79fc-431f-81a5-c417b8da2a8a","","","","","","DALE","CW2B-1K-5%","A0642","","","","","","","1K","","","","5%","3W"
"c7eaae00-b23e-495d-9bd6-e09bcd7c6f59","","","","","","CTS","743C083100JTR","R742, R743","","743-083-R100TR-ND","","","","2008","4X10R","","","","5%","1/10W"
"1f94207c-7430-4518-9e53-02093aa201cc","","","","","","","RMCF0603JG10K0","R776","","","","","","","","","","","",""
"4aed1dbf-1924-4bb5-998e-b013501f6b0d","","","","","","","ERJ-3EKF1002V","R789","","","","","","","","","","","",""
"e5b393fa-c8bd-426d-b717-ed47712932bf","","","","","","","RC0805FR-0710ML","R798","","","","","","","","","","","",""
"3055ef99-f913-44e3-86e9-ae94e78c0d41","","","","","","","RC0603FR-0712K1L","R785","","","","","","","","","","","",""
"11d71d5b-e4f4-4f40-baf0-0ee229816303","","","","","","","CR0603-JW-331ELF","R780","","","","","","","","","","","",""
"cc0be304-73c5-4932-8a98-058e9ae8b3e6","","","","","","","RC1608F331CS","R799","","","","","","","","","","","",""
"73fba889-5c5c-4a28-a4d8-9b1bfd4841e8","","","","","RESISTOR, HIGH VOLTAGE, FILM 13.55MM","LASERPRINTER CORONA","","A0439","","","","","","","50M","","","","",""
"624f95a2-49f4-4fad-bace-b0a1fde2f62c","","","","","RESISTOR, HIGH VOLTAGE, FILM 13.55MM","LASERPRINTER CORONA","","A0439","","","","","","","30M","","","","",""
"73425b77-bc97-4d03-bf27-15dc05b06a08","","","","","RESISTOR, HIGH VOLTAGE, FILM 13.55MM","LASERPRINTER CORONA","","A0439","","","","","","","150M","","","","",""
"d69ec084-ff3b-48f4-bf5c-1ff431ed7295","","","","","RESISTOR, HIGH VOLTAGE, FILM 13.55MM","LASERPRINTER CORONA","","A0439","","","","","","","40M","","","","",""
"b86bee82-848e-4f59-b385-30d379bdf2d1","","","","","RESISTOR, HIGH VOLTAGE, FILM 8MM","LASERPRINTER CORONA","","A0439","","","","","","","100M","","","","",""
"e43383c2-9f70-42a1-8237-45c647977581","","","","","RESISTOR, HIGH VOLTAGE, FILM 8MM","LASERPRINTER CORONA","","A0439","","","","","","","20M","","","","",""
"6150552a-5a3f-4596-93bf-744b5c506691","","","","","RESISTOR, HIGH VOLTAGE, FILM 8MM","LASERPRINTER CORONA","","A0439","","","","","","","10M","","","","",""
"77421f0b-b917-43f5-96d1-befba64ab807","","","","","","","","A0514","","","","","","TH","0R1","","","","5%","2W"
"2d301b26-0daf-4295-a458-7290db698329","","","","","","","","A0515","","","","","","TH","1K","","","","2%","2W"
"6f88be48-b08d-4444-9b4a-c2b88232955b","","","","","","","","A0522","","","","","","","47R","","","","5%","5W"
"6c826402-7a31-461b-a162-364b017ae54b","","","","","","","","A0523","","","","","","","8R2","","","","5%","5W"
"cc7e21fb-cceb-4955-b8f5-36654e450790","","","","","","","TCC 0041 TR10F1006J","A0524","","","","","","","100M","","","","5%","1W"
"094e7189-28ef-44b7-b462-91c06cf0eddf","","","","","","","","A0519","","","","","","TH","10R","","","","5%","2W"
"215c7f78-ad9a-4ee1-b922-a756bdf72973","","","","","","IRC","MAR5 2.5K .05% T16","A0441","","","","","","","2K5","","","","0.05%","1/10W"
"40d5bda0-9d42-4c29-aab8-a27ef3c786fd","","","","","","GPI","2K 0.1%","A0491","","","","","","","2K","","","","0.1%",""
"a5bbb37d-7c56-473e-8062-f4a05476dd37","","","","","","","PTF56 2K5 BT13","A0446","","","","","","","2K5","","","","0.1%",""
"713a1554-ed62-493a-8af5-b5363a3e36f9","","","","","","TRW","20K 0.1% T10","A0478","","","","","","","20K","","","","0.1%",""
"21fddcbb-971b-4f76-a4a7-4e722defd76c","","","","","","","PRI/10K 0.1% TC25","A0471","","","","","","","10K","","","","0.1%",""
"f07f21ac-c9b2-45ea-8b3f-f1cf95ee52c5","","","","","","BOURNS","3006P-1-502VP","A0690","","","","","41890","","5K","","","TRIM MT HOR","",""
"6b867bce-5a83-4732-a901-cee244c6d866","","","","","","","MF1/4DCT52R4700F","A0708","","","","","","","","","","","",""
"c1b6daaa-c262-443c-b755-6b4b9bfd6b6f","","","","","","BI","84WR200LF","A0713","","","","","","","","","","","",""
"f69863fb-f99d-4766-ac44-6d47ebe73a3c","","","","","","","","A0714, A0716, A0731, A0728","","","","","","TH","10K","","","","1%","1/4W"
"14cab52d-c813-4920-b630-653acc371504","","","","","","","CW2B-1K-5%","A0717, A0718","","","","","","TH","1K","","","","5%","3W"
"6a92b3fa-786d-4fc9-8e0e-403275f9b625","","","","","","","","A0726","","","","","","TH","13K","","","","1%",""
"e9bb831b-4952-4660-88bd-8113e47de1a3","","","","","","JAMECO","690911","A0734","","","","","690911","TH","1K6","","","","5%","1/4W"
"1852a930-bba6-4d09-acc0-0feaff0d51f3","","","","","","JAMECO","","A0733","","","","","","TH","1K5","","","","5%","1/4W"
"d8b557b3-eeeb-4163-9bc4-06ddd0af6f3a","","","","","","JAMECO","","A0735","","","","","","TH","4K7","","","","5%","1/4W"
"cb2e6318-0690-46bd-a58f-8d2e506a302a","","","","","","JAMECO","","A0737","","","","","","TH","10K","","","","5%","1/4W"
"5aba39da-976b-4636-a46b-a92a40f44de6","","","","","","JAMECO","","A0736","","","","","","TH","240R","","","","5%","1/4W"
"9ea5d9cb-1695-456e-8643-bc413924b663","","","","","","YAGEO","MFR-25FTE52-2K","A0738","","","","","","TH","2K","","","","1%","1/4W"
"0f05a418-5ade-4e8d-9b80-41c562651794","","","","","","YAGEO","MFR-25FTE52-100K","A0739","","","","","","TH","100K","","","","1%","1/4W"
"b1a65e44-3b6e-4f7f-9866-855041975610","","","","","","YAGEO","MFR-25FTE52-9K76","A0740","","","","","","TH","9K76","","","","1%","1/4W"
"3ad02465-cf03-4522-a4e1-526f6c8a2ac9","","","","","","YAGEO","MFR-25FTE52-9K53","A0741","","","","","","TH","9K53","","","","1%","1/4W"
"4af3d187-8219-43bb-b9a8-a466ec6efb89","","","","","","YAGEO","MFR-25FTE52-1K3","A0742","","","","","","TH","1K3","","","","1%","1/4W"
"0fcb3bb1-fb31-4b13-93c1-4153e5670dfb","","","","","","YAGEO","MFR-25FTE52-30R","A0743","","","","","","TH","30R","","","","1%","1/4W"
"ae6c27f9-f9d5-46ef-9312-d70855adf34e","","","","","","YAGEO","MFR-25FTE52-1K","A0744","","","","","","TH","1K","","","","1%","1/4W"
"55dcb89c-962a-43ab-a7f3-a99ac31a6c17","","","","","","YAGEO","MFR-25FTE52-2K26","A0745","","","","","","TH","2K26","","","","1%","1/4W"
"46b3ee2e-03b0-4dde-b19f-281f075d4799","","","","","","YAGEO","MFR-25FTE52-130R","A0746","","","","","","TH","130R","","","","1%","1/4W"
"5705d808-2eb7-4f52-b6e2-3621f20d4cf5","","","","","","EBAY","","A0830","","","","","","TH","9K09","","","","1%","1/4W"
