"Index","Library Ref","Library Path","Footprint Ref","Footprint Path","Description","Manufacturer 1","Manufacturer Part Number 1","Location","LCSC","Digikey","Mouser","TME","JAMECO","Package","Supplier","Supplier PartNo","Vceo","Ic","GenericName","BJTtype","Mounting"
"4a9117b2-d683-4795-991c-49cf2f949727","","","","","TRANSISTOR,PNP,65V,0.1A,BC856,SOT23,SMD","NXP","BC856A,215","R65","","","","","","SOT23","","","65V","0.1A","BC856","PNP","SMD"
"3738395b-9a12-41bd-bc1e-99d26a886477","","","","","TRANSISTOR,NPN,65V,0.1A,BC846,SOT23,SMD","NXP","BC846A,215","R69","","","","","","SOT23","","","65V","0.1A","BC846","NPN","SMD"
"14d2e1f7-94e6-48b0-9ac1-8e64ca0f6bb5","","","","","TRANSISTOR,NPN,PREBIASED,50V,0.1A,DTC144EKA,SOT23,SMD","ROHM","DTC144EKA","R114","","","","","","SOT23","","","50V","0.1A","DTC144EKA","NPN,PREBIASED","SMD"
"29653e9b-5cc7-41cd-9a54-18b73a4c9e34","","","","","TRANSISTOR,PNP,45V,0.5A,BCX71,SOT23,SMD","NXP","BCX71K","R115, R116","","","","","","SOT23","","","45V","0.5A","BCX71","PNP","SMD"
"03ea9901-d782-4ecc-8cce-452b38aa8754","","","","","TRANSISTOR,NPN,40V,0.2A,MMBT3904,SOT23,SMD","LESHAN","MMBT3904","R120","","","","","","SOT23","","","40V","0.2A","MMBT3904","NPN","SMD"
"a5a4e4ff-0208-4d13-95c5-a76805eafa1c","","","","","TRANSISTOR,NPN,40V,0.2A,LMBT3904,SOT23,SMD","LESHAN","LMBT3904LT16","R122, R123, R124","","","","","","SOT23","","","40V","0.2A","LMBT3904","NPN","SMD"
"6032f3d8-8c65-4f75-a65d-16acf577ee69","","","","","TRANSISTOR,NPN,40V,0.6A,MMBT2222,SOT23,SMD","ONSEMI","MMBT2222","R214","","","","","","SOT23","","","40V","0.6A","MMBT2222","NPN","SMD"
"3918f7f0-e918-4c2e-b84e-e8f93e1648fe","","","","","TRANSISTOR,JFET N-CHAN,35V,0.005A,J112,TO92,TH","SILICONIX","J112","","","","","","954390","TO92","JAMECO","954390","35V","0.005A","J112","JFET N-CHAN","TH"
"f270b16f-3b79-4b75-b036-3fd4455de2a0","","","","","TRANSISTOR,JFET N-CHAN,25V,0.01A,J110,TO92,TH","SILICONIX","J110","","","","","","814143","TO92","JAMECO","814143","25V","0.01A","J110","JFET N-CHAN","TH"
"d39a0ea8-c46e-4d5a-8588-bbed8ae536e7","","","","","TRANSISTOR,NPN,60V,0.5A,MPSA05,TO92,TH","ONSEMI","MPSA05","A0185","","","","","297799","TO92","JAMECO","297799","60V","0.5A","MPSA05","NPN","TH"
"25fcf727-431c-491d-894a-ab1b6e1253b7","","","","","TRANSISTOR,DUAL NPN DIGITAL,50V,0.1A,UMH11,SOT363,SMD","ROHM","UMH11","R321","","","","","","SOT363","","","50V","0.1A","UMH11","DUAL NPN DIGITAL","SMD"
"896cebfe-17d0-4bd2-b08e-964cd4f7bf83","","","","","TRANSISTOR,PNP,DIGITAL,50V,0.1A,DTA114,SC75","ROHM","DTA114","R324","","","","","","SC75","","","50V","0.1A","DTA114","PNP,DIGITAL",""
"f848d294-457d-4f34-9fc8-689841ce7562","","","","","TRANSISTOR,NPN,40V,0.6A,MMST4401,SC59","ROHM","MMST4401","R351, R344, R349, R350, R441, R442, R443, R444 TO 448","","","","","","SC59","","","40V","0.6A","MMST4401","NPN",""
"4c499ad9-5cf0-4c9c-a4fa-036d63175672","","","","","TRANSISTOR,NPN,SWITCHING,15V,0.2A,MMBT2369,SOT23,SMD","ONSEMI","MMBT2369","R338, R341","","","","","","SOT23","","","15V","0.2A","MMBT2369","NPN,SWITCHING","SMD"
"4f77b780-13b7-4e20-be22-04b82437da8d","","","","","TRANSISTOR,NPN 7GHZ,12V,0.1A,2SC3356,SOT23,SMD","NEC","2SC3356","R342","","","","","","SOT23","","","12V","0.1A","2SC3356","NPN 7GHZ","SMD"
"2a9232ba-cb80-427e-a971-cd1ea35cb514","","","","","TRANSISTOR,NPN,40V,0.2A,MMBT3904,SOT23,SMD","ONSEMI","MMBT3904","R345, R346","","","","","","SOT23","","","40V","0.2A","MMBT3904","NPN","SMD"
"30cd208b-48a5-4ce9-845d-9ffcbad4fb33","","","","","TRANSISTOR,NPN,40V,0.2A,SMBT3904,SOT23,SMD","SIEMENS","SMBT3904","R347, R348, R438, R439","","","","","","SOT23","","","40V","0.2A","SMBT3904","NPN","SMD"
"a6fff5dc-60ae-40f0-838c-7fe12634c4fd","","","","","TRANSISTOR,NPN,300V,0.5A,MMBTA42LT1,SOT23,SMD","ONSEMI","MMBTA42LT1","R456, R473","","","","","","SOT23","","","300V","0.5A","MMBTA42LT1","NPN","SMD"
"ce7d9ed6-9af1-4f03-87e2-4748e55e54eb","","","","","TRANSISTOR,NPN,30V,0.1A,BC848B,SOT23,SMD","NXP","BC848B","R433, R434","","","","","","SOT23","","","30V","0.1A","BC848B","NPN","SMD"
"24484a73-aed4-47a9-841d-d66964dbe3c4","","","","","TRANSISTOR,PNP,50V,0.1A,MMUN2111LT1,SOT23,SMD","ONSEMI","MMUN2111LT1","R435, R436","","","","","","SOT23","","","50V","0.1A","MMUN2111LT1","PNP","SMD"
"3dba7ac3-691b-4b3d-8c35-99551767e682","","","","","TRANSISTOR,DUAL,NPN,40V,0.2A,MMBT3904DW1,SOT363,SMD","NXP","MMBT3904DW1","R440","","","","","","SOT363","","","40V","0.2A","MMBT3904DW1","DUAL,NPN","SMD"
"209f8628-6cdf-4456-bf76-d07a737a98cc","","","","","TRANSISTOR,NPN,40V,0.2A,CMPT3904,SOT23,SMD","CENTRAL SEMI","CMPT3904","R437","","","","","","SOT23","","","40V","0.2A","CMPT3904","NPN","SMD"
"10a8bf3b-c38e-493a-a590-14a03138e05f","","","","","TRANSISTOR,NPN 9GHZ,15V,0.12A,BFG541,SOT223,SMD","NXP","BFG541","R491","","","","","","SOT223","","","15V","0.12A","BFG541","NPN 9GHZ","SMD"
"746d6ac9-f9b0-4982-a7c0-805dd3fb3bd8","","","","","TRANSISTOR,DUAL JFET N-CH,50V,0.05A,U232,TO18-6,TH","INTERFET","U232","A0093","","","","","","TO18-6","","","50V","0.05A","U232","DUAL JFET N-CH","TH"
"c536a066-7e37-4e80-a695-cf158de32b74","","","","","TRANSISTOR,PNP,40V,0.6A,2N2907,TO18,TH","ONSEMI","2N2907","A0151","","","","","","TO18","","","40V","0.6A","2N2907","PNP","TH"
"381cb7b1-7add-4103-966d-aecdd0799283","","","","","TRANSISTOR,THYRISTOR,600V,5A,TIC106M,TO220,TH","TI","TIC106M","A0036","","","","","","TO220","","","600V","5A","TIC106M","THYRISTOR","TH"
"132da1bc-ad11-4760-9972-ee677fbe7765","","","","","TRANSISTOR,DUAL,PNP,12V,2.5A,ZDT717CT,SM8","DIODES INC","ZDT717CT","A0068","","ZDT717CT","","","","SM8","DIGIKEY","ZDT717CT","12V","2.5A","ZDT717CT","DUAL,PNP",""
"9a0a25dd-427b-4786-b21f-b836efd79af4","","","","","TRANSISTOR,NPN,30V,0.5A,BSR13,SOT23,SMD","NXP","BSR13","A0074","","","","","","SOT23","","","30V","0.5A","BSR13","NPN","SMD"
"3c70fa28-4fa0-48ac-94a0-4a3630834874","","","","","TRANSISTOR,PNP,65V,0.1A,BC856B,SOT23,SMD","NXP","BC856B","A0077","","","","","","SOT23","","","65V","0.1A","BC856B","PNP","SMD"
"6da35969-ee84-4e51-b745-5c9750cb8359","","","","","TRANSISTOR,NPN,40V,0.2A,MMBT3904,SOT23,SMD","ONSEMI","MMBT3904","A0165","","","","","","SOT23","","","40V","0.2A","MMBT3904","NPN","SMD"
"6b1b6afd-4401-4583-a2c1-1191ec57a27e","","","","","TRANSISTOR,PNP,80V,1.5A,BD140-16-CDI,TO126,TH","DIOTEC","BD140-16-CDI","A0182","","","","","","TO126","","","80V","1.5A","BD140-16-CDI","PNP","TH"
"f358cd92-4cbd-47ca-ae33-103b705073fb","","","","","TRANSISTOR,PNP,80V,1.5A,BD140,TO126,TH","NXP","BD140","A0239","","497-6657-5-ND","","","","TO126","DIGIKEY","497-6657-5-ND","80V","1.5A","BD140","PNP","TH"
"6ff1bcfc-5734-40de-b8e6-114c182e4f4e","","","","","TRANSISTOR,PNP,40V,0.6A,2N2907A,TO92,TH","DIOTEC","2N2907A","A0222, A0225","","","","","","TO92","TME","","40V","0.6A","2N2907A","PNP","TH"
"d04865bc-c467-4960-b020-0d1ce1bbe679","","","","","TRANSISTOR,PNP,80V,1.5A,BD140-10-CDI,TO126,TH","DIOTEC","BD140-10-CDI","A0217","","","","","","TO126","TME","","80V","1.5A","BD140-10-CDI","PNP","TH"
"74670444-c108-4b70-9f54-628c5e95bc5f","","","","","TRANSISTOR,NPN,40V,0.6A,2N2222,TO92,TH","DIOTEC","2N2222","A0204","","","","","","TO92","TME","","40V","0.6A","2N2222","NPN","TH"
"da47cb62-3164-4c7f-9cfd-ead7175c178f","","","","","TRANSISTOR,NPN,300V,0.5A,MPSA42,TO92,TH","ONSEMI","MPSA42","A0199","","","","","","TO92","JAMECO","","300V","0.5A","MPSA42","NPN","TH"
"44a3821e-476f-459d-81cb-483bc3b8d0cf","","","","","TRANSISTOR,DARLINGTON,NPN,30V,0.5A,MPSA14-CDI,TO92,TH","CDR","MPSA14-CDI","A0202","","","","","","TO92","","","30V","0.5A","MPSA14-CDI","DARLINGTON,NPN","TH"
"c9992408-791e-4c66-a12f-04877ed7c704","","","","","TRANSISTOR,PNP,40V,0.2A,2N3906-DIO,TO92,TH","DIOTEC","2N3906-DIO","A0253","","","","","","TO92","","","40V","0.2A","2N3906-DIO","PNP","TH"
"569f5419-9c75-4208-8a9e-9f3dbb915cff","","","","","TRANSISTOR,DARLINGTON,NPN,30V,0.5A,MPSA14,TO92,TH","ONSEMI","MPSA14","A0198","","","","","","TO92","JAMECO","","30V","0.5A","MPSA14","DARLINGTON,NPN","TH"
"6317c236-ff84-41aa-bb57-52b680fba1f5","","","","","TRANSISTOR,PNP,60V,0.5A,MPSA55,TO92,TH","ONSEMI","MPSA55","A0139","","","","","","TO92","JAMECO","","60V","0.5A","MPSA55","PNP","TH"
"7e096147-4808-4053-8c49-2d04296e0d90","","","","","TRANSISTOR,NPN,60V,0.5A,MPSA05,TO92,TH","ONSEMI","MPSA05","A0185","","","","","","TO92","JAMECO","","60V","0.5A","MPSA05","NPN","TH"
"3179f6ed-1b6a-41d3-8048-a5669c322c80","","","","","TRANSISTOR,DUAL,PNP,12V,2.5A,ZDT717TA,SM8","ZETEX","ZDT717TA","A0161","","","","","","SM8","","","12V","2.5A","ZDT717TA","DUAL,PNP",""
"a03198ca-ed5e-444e-8ab1-c204380cf5d3","","","","","TRANSISTOR,DARLINGTON,NPN,400V,6A,TTD1409B,ISO220","TOSHIBA","TTD1409B","A0207","","","","","","ISO220","","","400V","6A","TTD1409B","DARLINGTON,NPN",""
"23a9b02d-247a-4da5-847e-20dbfcb9d15a","","","","","TRANSISTOR,PNP,30V,0.1A,BC858C,SOT23,SMD","NXP","BC858C","A0149","","","","","","SOT23","LCSC","","30V","0.1A","BC858C","PNP","SMD"
"d47cc905-e974-47a4-a6d5-89c23b60f839","","","","","TRANSISTOR,NPN,15V,0.2A,2N2369A,TO18,TH","ITT","2N2369A","A0600","","","","","","TO18","","","15V","0.2A","2N2369A","NPN","TH"
"6cf1caf2-f162-452e-a1b6-9bf86dbc794e","","","","","TRANSISTOR,NPN 2.5GHZ,10V,0.015A,2N5835,TO72,TH","ONSEMI","2N5835","A0592","","","","","","TO72","","","10V","0.015A","2N5835","NPN 2.5GHZ","TH"
"2c3541c0-215a-45b0-91e4-7a0dafcb23f8","","","","","TRANSISTOR,NPN,40V,1A,MPS6531,TO92,TH","NATIONAL","MPS6531","A0596","","","","","","TO92","","","40V","1A","MPS6531","NPN","TH"
"0337a519-cea0-4975-8c54-73aff4459688","","","","","TRANSISTOR,NPN,60V,25A,TIP35,TO247,TH","CENTRAL","TIP35","A0597","","","","","","TO247","","","60V","25A","TIP35","NPN","TH"
"d22cbc58-a488-40d0-837c-b531785083ec","","","","","TRANSISTOR,PNP,100V,25A,TIP36C,TO218,TH","TI","TIP36C","A0574","","","","","","TO218","","","100V","25A","TIP36C","PNP","TH"
"d6c6b48a-3139-47ba-a116-4a31d34e5878","","","","","TRANSISTOR,NPN,15V,0.2A,2N2369A,TO18,TH","SYNERTEC","2N2369A","A0571, A0676","","","","","","TO18","","","15V","0.2A","2N2369A","NPN","TH"
"39c088e2-2824-4a09-9911-be10eb69ba63","","","","","TRANSISTOR,PNP,230V,15A,2STA1943,TO264,TH","ST","2STA1943","A0593","","","","","","TO264","","","230V","15A","2STA1943","PNP","TH"
"4adffaf4-428d-4f3f-b253-2e95fb07f182","","","","","TRANSISTOR,THYRISTOR,200V,20A,S2020,TO220,TH","TECCOR (LITTELFUSE)","S2020","A0606","","","","","","TO220","","","200V","20A","S2020","THYRISTOR","TH"
"ec17088b-a536-4baf-a3f4-8488ec1cc0cd","","","","","TRANSISTOR,THYRISTOR,400V,35A,MCR265,TO220,TH","ONSEMI","MCR265","A0334","","","","","","TO220","","","400V","35A","MCR265","THYRISTOR","TH"
"a0cd3a78-89a9-4e95-a8bb-c8ea1c7465c3","","","","","TRANSISTOR,JFET P-CH,30V,0.015A,J270,TO92,TH","INTERFET","J270","A0318","","","","","","TO92","","","30V","0.015A","J270","JFET P-CH","TH"
"6cc91595-d631-412b-8e4e-a7d173ed3a64","","","","","TRANSISTOR,JFET N-CH,25V,0.005A,J109,TO92,TH","FAIRCHILD","J109","A0317","","","512-J109","","","TO92","MOUSER","512-J109","25V","0.005A","J109","JFET N-CH","TH"
"203c913f-70b8-4d57-8b88-4652a511ea90","","","","","TRANSISTOR,P-CH,20V,2.5A,STS2DPFS20V,SO8","ST","STS2DPFS20V","A0270, A0281","","","","","","SO8","","","20V","2.5A","STS2DPFS20V","P-CH",""
"a6f59f68-9cc2-4eec-9087-7ee8cce5e94a","","","","","TRANSISTOR,N-CH,30V,50A,KIA50N03AD,DPAK","KIA","KIA50N03AD","A0263","","","","","","DPAK","","","30V","50A","KIA50N03AD","N-CH",""
"3875da5d-093b-4698-b3db-b8c127dad898","","","","","TRANSISTOR,N-CH,600V,6A,IPA60R280P7SXXKSA1,ISO220,TH","INFINEON","IPA60R280P7SXXKSA1","A0292","","","","","","ISO220","","","600V","6A","IPA60R280P7SXXKSA1","N-CH","TH"
"96df0be7-20e6-4c90-a8d2-ecbb71247fbc","","","","","TRANSISTOR,PNP,65V,0.1A,BC856B,SOT23,SMD","NXP","BC856B","A0266","","","","","","SOT23","","","65V","0.1A","BC856B","PNP","SMD"
"a8b1fee8-7e20-41a8-838e-4ac84f2d2a6b","","","","","TRANSISTOR,PNP,40V,0.6A,2N2907,TO18,TH","ONSEMI","2N2907","A0272","","","","","","TO18","","","40V","0.6A","2N2907","PNP","TH"
"071155d5-fde1-4c3b-9f50-2b64d10021eb","","","","","TRANSISTOR,JFET N-CH,35V,0.02A,J111,TO92,TH","INTERFET","J111","A0285","","","","","","TO92","","","35V","0.02A","J111","JFET N-CH","TH"
"e1581d88-f96e-464c-822b-c5d91465eb3f","","","","","TRANSISTOR,N-CH,600V,18A,IPA60R180P7SXKSA1,ISO220,TH","INFINEON","IPA60R180P7SXKSA1","A0293","","","","","","ISO220","","","600V","18A","IPA60R180P7SXKSA1","N-CH","TH"
"7061233e-003c-4a2c-95e7-9bd82e5a8749","","","","","TRANSISTOR,PNP,250V,16A,MJL21193,TO264,TH","ONSEMI","MJL21193","A0688","","","","","","TO264","","","250V","16A","MJL21193","PNP","TH"
"ba83b40f-d41d-45de-b212-88b12c4d9149","","","","","TRANSISTOR,NPN,60V,0.6A,PN2222,TO92,TH","NXP","PN2222","A0677","","","","","","TO92","","","60V","0.6A","PN2222","NPN","TH"
"b3cc00ae-fc36-451f-add7-49e0c035808e","","","","","TRANSISTOR,PNP,250V,16A,MJL21193,TO264,TH","ONSEMI","MJL21193","A0664","","","","","","TO264","","","250V","16A","MJL21193","PNP","TH"
"5d6b9b2a-388b-46d5-92d0-4e0da7d4c53c","","","","","TRANSISTOR,NPN,60V,0.6A,MMBT2222A,SOT23,SMD","ONSEMI","MMBT2222A","R616","","","","","","SOT23","","","60V","0.6A","MMBT2222A","NPN","SMD"
"94ea77d3-4524-4f4f-aa37-dcf2484982b8","","","","","TRANSISTOR,PNP,40V,0.6A,MMBT2907A,SOT23,SMD","ONSEMI","MMBT2907A","R623","","","","","","SOT23","","","40V","0.6A","MMBT2907A","PNP","SMD"
"1da655ef-2f70-45ea-ac82-71efb004a498","","","","","TRANSISTOR,ZENER,1V8,0.25W,CMSZ1L8,SOD323,SMD","CENTRAL","CMSZ1L8","R625","","","","","","SOD323","","","1V8","0.25W","CMSZ1L8","ZENER","SMD"
"87388b11-6162-4899-8b72-e3545cc88826","","","","","TRANSISTOR,NPN,40V,0.2A,MMBT3904,SOT23,SMD","ONSEMI","MMBT3904","R713","","","","","","SOT23","","","40V","0.2A","MMBT3904","NPN","SMD"
"414a78c2-822b-4fdf-9020-e8dd9c742b52","","","","","TRANSISTOR,DUAL,PNP,40V,0.1A,PUMT1,SOT363,SMD","NXP","PUMT1","R716","","","","","","SOT363","","","40V","0.1A","PUMT1","DUAL,PNP","SMD"
"64f0dd8f-6b96-4044-b43e-27154e60db9d","","","","","TRANSISTOR,PNP,45V,0.8A,BC337,TO92,TH","NXP","BC337","A0436","","","","","","TO92","","","45V","0.8A","BC337","PNP","TH"
"60e455de-328c-47ad-8f7e-6bc900e02443","","","","","TRANSISTOR,2N3904,TO92,TH","DIOTEC","2N3904","A0444,  A0510","","","","","","TO92","","","","","2N3904","","TH"
"43b53a8d-3775-4b2c-bbb7-5132db146966","","","","","TRANSISTOR,2N3906,TO92,TH","DIOTEC","2N3906","A0480","","","","","","TO92","","","","","2N3906","","TH"
"3658dcbf-1c60-4736-9f55-23c371690504","","","","","TRANSISTOR,PNP,45V,0.8A,BC327,TO92,TH","FAIRCHILD","BC327","A0453","","","","","","TO92","","","45V","0.8A","BC327","PNP","TH"
"81a9fd63-98a2-426f-9ea9-eb33cdf52be1","","","","","TRANSISTOR,NPN,60V,0.6A,MMBT2222ALT1,SOT23,SMD","JIANGSU CHANGJIANG","MMBT2222ALT1","R737, R738, R739, R740","","","","","","SOT23","","","60V","0.6A","MMBT2222ALT1","NPN","SMD"
"0198a810-8123-4af5-a115-3071e29e1eb1","","","","","TRANSISTOR,NPN,OCP 70,GLASS","MULLARD","OCP 70","A0513","","","","","","GLASS","","","","","OCP 70","NPN",""
"4b9a176a-8772-4727-9930-c1e15fbbdcab","","","","","TRANSISTOR,TIP125","TI","TIP125","A0447","","","","","","","","","","","TIP125","",""
"705346f2-a4b9-4eed-87be-0204edcc1ec4","","","","","TRANSISTOR,TIP120","SEC","TIP120","A0428","","","","","","","","","","","TIP120","",""
"b749f6c1-05f7-4ae1-b7bf-7f7c7c8f6462","","","","","TRANSISTOR,TIP50","TEXET","TIP50","A0511","","","","","","","","","","","TIP50","",""
"b0fb3747-913b-4e14-afe6-19cb43a1b9c6","","","","","TRANSISTOR,TIP105","MOTOROLA","TIP105","A0466","","","","","","","","","","","TIP105","",""
"1dd8c7d1-08dc-4f2a-8c87-bd74004d4342","","","","","TRANSISTOR,PNP,60V,0.8A,PN2907,TO92,TH","ONSEMI","PN2907","A1398","","","","","","TO92","","","60V","0.8A","PN2907","PNP","TH"
"cc417bc7-47a1-4fce-84eb-837b60db8783","","","","","TRANSISTOR,TIP142","ST","TIP142","A0432","","","","","","","","","","","TIP142","",""
"f3089d1e-88fb-4f29-b0f1-37090e3940f2","","","","","TRANSISTOR,2N2219","MOTOROLA","2N2219","A0475","","","","","","","","","","","2N2219","",""
"4a830402-f1a7-415a-a99f-0ba8c82251c3","","","","","TRANSISTOR,NPN,40V,0.2A,MMBT3904,SOT23,SMD","BORN","MMBT3904","A0413","","","","","","SOT23","","","40V","0.2A","MMBT3904","NPN","SMD"
"fc6c8afc-242c-42c9-bb24-f440028f2b83","","","","","TRANSISTOR,MPSA05,TO92,TH","FAIRCHILD","MPSA05","A0416","","","","","","TO92","","","","","MPSA05","","TH"
"0dd40602-3714-4544-a33c-41be4595e8c6","","","","","TRANSISTOR,2SK170,TO92,TH","TOSHIBA","2SK170","A0570","","","","","","TO92","","","","","2SK170","","TH"
"90725ca0-774f-4bc9-93d8-d15d41738b79","","","","","TRANSISTOR,2N2907,TO92,TH","NATIONAL","2N2907","A0565","","","","","","TO92","","","","","2N2907","","TH"
"b0f4bc5e-c2b5-4c2c-91e7-8fab12293dc8","","","","","TRANSISTOR,2N4028,TO92,TH","","2N4028","A0561","","","","","","TO92","","","","","2N4028","","TH"
"ed101213-e262-446b-a4ff-f6f03749d7a1","","","","","TRANSISTOR,2N3711,TO92,TH","","2N3711","A0553","","","","","","TO92","","","","","2N3711","","TH"
"8ed70dba-9fe2-4e6d-8b0c-57722cc543cc","","","","","TRANSISTOR,JFET N-CHAN,25V,0.01A,J110,TO92,TH","","J110","A0558","","","","","","TO92","","","25V","0.01A","J110","JFET N-CHAN","TH"
"4f9669f3-7c70-4535-858d-47982d89a481","","","","","TRANSISTOR,JFET N-CHAN,35V,0.005A,J112,TO92,TH","","J112","A0559","","","","","","TO92","","","35V","0.005A","J112","JFET N-CHAN","TH"
"7c4a666c-8902-43cb-aaf5-0ad08977e77b","","","","","TRANSISTOR,PN4117,TO92,TH","","PN4117","A0562","","","","","","TO92","","","","","PN4117","","TH"
"aa5eec7e-acf5-4d76-ad3c-252b5c31fb27","","","","","TRANSISTOR,2N3906,TO92,TH","MOTOROLA","2N3906","A0566","","","","","","TO92","","","","","2N3906","","TH"
"59c2dd8d-2ebb-482e-b834-335493614359","","","","","TRANSISTOR,DN2540,TO92,TH","SILICONIX","DN2540","A0560","","","","","","TO92","","","","","DN2540","","TH"
"01deef63-d298-4ca6-ae5b-dd992ba9358e","","","","","TRANSISTOR,DN2535,TO92,TH","SUPERTEX","DN2535","A0564","","","","","","TO92","","","","","DN2535","","TH"
"2f8b7574-045d-495f-bbc5-ead851e67d33","","","","","TRANSISTOR,2N4058,TO92,TH","TI","2N4058","A0563","","","","","","TO92","","","","","2N4058","","TH"
"0f9db9d1-e935-4aae-b38b-66ea22b09b7b","","","","","TRANSISTOR,LND150,TO92,TH","SUPERTEX","LND150","A0556","","","","","","TO92","","","","","LND150","","TH"
"5c778fe1-ead6-468e-8183-e9d39930bf8f","","","","","TRANSISTOR,2N6059,TO3,TH","ECS","2N6059","A0753","","","","","","TO3","","","","","2N6059","","TH"
"e28ea524-89dd-4313-9887-5cc441fc907c","","","","","TRANSISTOR,MJ1000,TO3,TH","BSC","MJ1000","A0784","","","","","","TO3","BOCA SEMICONDUCTOR","","","","MJ1000","","TH"
"e6642dc0-8501-489d-803d-930fdffcbfbd","","","","","TRANSISTOR,IR1000,TO3,TH","BSC","IR1000","A0784","","","","","","TO3","","","","","IR1000","","TH"
"d37a2723-9796-4e52-bb71-0d0f995145dd","","","","","TRANSISTOR,MJ15004,TO3,TH","MOTOROLA","MJ15004","A0785","","","","","","TO3","","","","","MJ15004","","TH"
"8b2de1eb-ba13-4926-9e8e-1948a64cfbfd","","","","","TRANSISTOR,1854-0989,TO3,TH","HP","1854-0989","A0785","","","","","","TO3","","","","","1854-0989","","TH"
"094fc435-404c-4baf-985a-839a86feda1d","","","","","TRANSISTOR,STN826,SOT223,SMD","ST","STN826","A0791","","","","","","SOT223","","","","","STN826","","SMD"
"1fe873c6-797e-4859-a073-1b33951f57ed","","","","","TRANSISTOR,MJ1001,TO3,TH","ST","MJ1001","A0801","","","","","","TO3","","","","","MJ1001","","TH"
"fb66fdb5-e550-47a7-8e28-0a77fd4993e3","","","","","TRANSISTOR,NPN,30V,0.1A,BC848-B,SOT23,SMD","NXP","BC848B","A990","","","","","","SOT23","","","30V","0.1A","BC848-B","NPN","SMD"
"1d2b4774-a4b6-43de-86bc-82c3796b7ce8","","","","","TRANSISTOR,80V,1.5A,BD140,TO126,TH","PHILIPS","BD140","A1464","","","","","","TO126","","","80V","1.5A","BD140","","TH"
"c9022ff1-3fd6-4efa-b7d2-4aefb87d4c25","","","","","TRANSISTOR,BU323,TO3,TH","","BU323","A1465","","","","","","TO3","","","","","BU323","","TH"
"d089b0cf-cd26-4c34-9469-d201cd663ce3","","","","","TRANSISTOR,PNP,45V,0.1A,BC557,TO92,TH","PHILIPS","BC557","A1432","","","","","","TO92","","","45V","0.1A","BC557","PNP","TH"
"a3246cba-80f0-45c5-9bf5-4d0a603c0bc0","","","","","TRANSISTOR,NPN,45V,0.1A,BC547,TO92,TH","PHILIPS","BC547","A1447","","","","","","TO92","","","45V","0.1A","BC547","NPN","TH"
"da02bb33-300b-406a-8916-d0f468fad19e","","","","","TRANSISTOR,NPN DARLINGTON,30V,1A,BC517,TO92,TH","PHILIPS","BC517","A1448","","","","","","TO92","","","30V","1A","BC517","NPN DARLINGTON","TH"
"3223fbee-f7b0-4d7d-8b85-5338e1d79741","","","","","TRANSISTOR,80V,1.5A,BD139,TO126,HT","PHILIPS","BD139","A1449","","","","","","TO126","","","80V","1.5A","BD139","","HT"
"70aa0121-cdc1-4d21-be97-443b8321d8f3","","","","","TRANSISTOR,PNP,45V,0.1A,BC557,TO92,TH","PHILIPS","BC557","A1401","","","","","","TO92","","","45V","0.1A","BC557","PNP","TH"
"6c62d821-78e3-4f24-9a81-f752f983853e","","","","","TRANSISTOR,NPN,45V,0.1A,BC547,TO92,TH","PHILIPS","BC547","A1402","","","","","","TO92","","","45V","0.1A","BC547","NPN","TH"
"44b2fca0-ea1e-4260-a3c4-8e2147ce54d6","","","","","TRANSISTOR,BC264","PHILIPS","BC264","A1406","","","","","","","","","","","BC264","",""
"d5ae1ee7-c2d7-4a57-830b-cfa12705b022","","","","","TRANSISTOR,BF256,TO92","PHILIPS","BF256","A1407","","","","","","TO92","","","","","BF256","",""
"e5026c82-c964-4a43-8703-abaa7a97e623","","","","","TRANSISTOR,PH2369,TO92","PHILIPS","PH2369","A1408","","","","","","TO92","","","","","PH2369","",""
"5d89e92d-1dc7-48e0-8672-598de5cc6f9b","","","","","TRANSISTOR,BF450,TO92","PHILIPS","BF450","A1409","","","","","","TO92","","","","","BF450","",""
"d52e4e2d-fcbf-4840-84cb-4ee5ab45e8b3","","","","","TRANSISTOR,2N3904,TO92","NATIONAL SEMICONDUCTOR","2N3904","A1365","","","","","","TO92","","","","","2N3904","",""
"2317f19c-6a2e-46f6-bbb6-2f7d9aa05ef4","","","","","TRANSISTOR,2N3906,TO92","NATIONAL SEMICONDUCTOR","2N3906","A1366","","","","","","TO92","","","","","2N3906","",""
"4b7aae9d-1e44-4f2b-b614-fc10e1d49c5b","","","","","TRANSISTOR,PN2222,TO92","NATIONAL SEMICONDUCTOR","PN2222","A1367","","","","","","TO92","","","","","PN2222","",""
"aa220dab-8e6e-4f6c-8515-bc7ad67858d0","","","","","TRANSISTOR,PN2907,TO92","NATIONAL SEMICONDUCTOR","PN2907","A1368","","","","","","TO92","","","","","PN2907","",""
"89eaae14-fce0-4b63-894a-a995fdc9a4d7","","","","","TRANSISTOR,BSV81,TO18","PHILIPS","BSV81","A1369","","","","","","TO18","","","","","BSV81","",""
"e10fbd8e-095f-40f1-aced-5421fb2fcc47","","","","","TRANSISTOR,BSD214,TO18","PHILIPS","BSD214","A1370","","","","","","TO18","","","","","BSD214","",""
"c7fa7ca4-1704-4947-abcd-0c3b1aad5dec","","","","","TRANSISTOR,2N3905,GLOBTOP","NATIONAL SEMICONDUCTOR","2N3905","A1371","","","","","","GLOBTOP","","","","","2N3905","",""
"2344406e-894a-43e9-8ae3-6716f4f0bc11","","","","","TRANSISTOR,2N4392,TO18","","2N4392","A1372","","","","","","TO18","","","","","2N4392","",""
"21e36c3c-b90b-450e-9b9e-ba5853c06259","","","","","TRANSISTOR,PNP-PNP,12V,0.05A,MD4260,TO78,TH","MOTOROLA","MD4260","A1379","","","","","","TO78","","","12V","0.05A","MD4260","PNP-PNP","TH"
"83729caf-aa44-4c74-b518-3f968969718b","","","","","TRANSISTOR,NPN,30V,0.8A,2N2219,TO39,TH","ONSEMI","2N2219","A1379","","","","","","TO39","","","30V","0.8A","2N2219","NPN","TH"
"68c75765-0dee-44ad-adad-b983979acf04","","","","","TRANSISTOR,PNP,40V,0.6A,2N2905,TO39,TH","ONSEMI","2N2905","A1379","","","","","","TO39","","","40V","0.6A","2N2905","PNP","TH"
"8588a79a-ae31-4300-a12a-a91ce8d6cbb1","","","","","TRANSISTOR,NPN,60V,4A,2N5191,TO126,TH","CENTRAL SEMI","2N5191","A1379","","","","","","TO126","","","60V","4A","2N5191","NPN","TH"
"a5dc4a3c-cbb2-454d-bb4b-d47b017245f1","","","","","TRANSISTOR,PNP,60V,4A,2N5194,TO126,TH","CENTRAL SEMI","2N5194","A1379","","","","","","TO126","","","60V","4A","2N5194","PNP","TH"
"22e05743-dbfb-4d95-af66-2017e4cdca55","","","","","TRANSISTOR,PNP,20V,0.2A,2N3209,TO18,TH","","2N3209","A1380","","","","","","TO18","","","20V","0.2A","2N3209","PNP","TH"
"1892c7c8-530e-4c66-99fd-4eef1daa946c","","","","","TRANSISTOR,NPN,60V,0.05A,2N3799,TO18,TH","","2N3799","A1381","","","","","","TO18","","","60V","0.05A","2N3799","NPN","TH"
"d583ec0e-c004-4b15-ad34-249213fc4eeb","","","","","TRANSISTOR,PNP,180V,2A,2SA1930,ISO220,TH","EVVO","2SA1930","A1389","","","","","","ISO220","","","180V","2A","2SA1930","PNP","TH"
"4e2efef2-eccc-41de-a88d-220707b33626","","","","","TRANSISTOR,NPN,180V,2A,2SC5171,ISO220,TH","EVVO","2SC5171","A1389","","","","","","ISO220","","","180V","2A","2SC5171","NPN","TH"
"6e8ee1e8-e64b-4534-a5cb-87ef0a493638","","","","","TRANSISTOR,TO39,TH","MOTOROLA","2N5416","A1349","","","","","","TO39","","","","","","","TH"
"6b5a2980-65cb-4c13-bf2f-0c028ba70d32","","","","","TRANSISTOR,TO39,TH","MOTOROLA","2N3019","A1350","","","","","","TO39","","","","","","","TH"
"828db0bf-e746-4852-a1d5-72688f182157","","","","","TRANSISTOR,TO39,TH","MOTOROLA","4-523","A1351","","","","","","TO39","","","","","","","TH"
"2d89aaf4-d9bb-4905-9173-35a01a8ed786","","","","","TRANSISTOR,TO39,TH","","2N2219","A1357","","","","","","TO39","","","","","","","TH"
"a3a56b97-b7bf-4e84-8280-9b6d6a582a76","","","","","TRANSISTOR,TO18,TH","","2N4392","A1363","","","","","","TO18","","","","","","","TH"
